village,bơ,bo.reason,bưởi,buoi.reason,cam,cam.reason,chuối,chuoi.reason,củ lùn,culun.reason,giáng hương,gianghuong.reason,ngải bún,ngaibun.reason,nghệ,nghe.reason,sao,sao.reason,sầu riêng,saurieng.reason,sapo,sapo.reason,tràm,tram.reason,vú sữa,vusua.reason,xoài,xoai.reason,xoài b,xoaib.reason,xoài c,xoaic.reason,xoài dl,xoaidl.reason,xoài tc,xoaitc.reason,xoài k,xoaik.reason,tầm vông,tamvong.reason
Le Tri,,,,,,,,,,,,,,,,,,,,,,,,,,,1,,,,,,,,,,,,,
Le Tri,,,,,,,,,,,,,,,,,,,,,,,,,,,1,,,,,,,,,,,,,
Le Tri,,,1,,,,,,,,,,,,,,,,,,1,,,,,,,,,,,,,,,,,,,
Le Tri,,,,,,,,,,,,,,,,,,,,,,,,,,,,,,,1,có giá,,,,,,,,
Le Tri,,,,,,,,,,,,,1,hằng ngày,,,,,,,,,,,,,,,,,1,có giá,,,,,,,,
Le Tri,,,,,,,,,,,,,,,,,,,,,,,,,,,,,,,1,,,,1,,,,,
Le Tri,,,,,,,,,,,,,,,,,,,,,,,,,,,1,,,,,,,,,,,,,
Le Tri,,,,,,,,,,,,,,,1,,,,,,,,,,,,1,,,,,,,,,,,,,
Le Tri,,,,,1,,,,,,,,,,,,,,,,,,,,,,1,,,,,,,,,,,,,
Le Tri,,,,,,,,,,,,,,,,,,,,,,,,,,,1,phù hợp,,,,,,,,,,,,
Le Tri,,,,,,,,,,,,,,,,,,,,,,,,,,,1,"có giá, nhiều nguồn tiêu thụ",,,,,,,,,,,,
Le Tri,,,,,,,,,,,,,,,,,,,,,,,,,,,,,,,,,,,,,,,1,
Le Tri,,,,,,,,,,,,,,,,,,,,,,,,,,,,,,,,,1,"dễ trồng, có giá",,,,,,
Le Tri,,,,,,,,,,,,,,,1,"ít chi phí, dễ trồng, giá ổn định",,,,,,,,,,,,,,,,,,,,,,,,
Le Tri,,,,,,,,,,,,,,,,,,,,,,,,,,,,,,,1,"có giá, lấy gỗ",,,1,"có giá, lấy gỗ",,,,
Le Tri,,,,,,,,,,,,,,,,,,,,,,,,,,,,,,,1,"có giá, lấy gỗ",,,,,,,,
Le Tri,,,,,,,,,,,,,,,,,,,,,,,,,,,,,,,1,có giá,1,có giá,,,,,,
Le Tri,,,,,,,1,"dễ trồng, dễ bán, ít chi phí",,,,,,,,,,,,,,,,,,,,,,,,,,,,,,,,
Ba Chuc,,,,,,,,,,,,,,,,,,,,,,,,,,,,,,,,,,,,,,,1,
Ba Chuc,,,,,,,,,,,,,,,,,,,,,,,,,,,,,,,,,,,,,,,1,
Ba Chuc,,,,,,,,,,,,,1,"ổn định, dễ bán",,,,,,,,,,,,,,,,,,,,,,,,,,
Ba Chuc,,,,,,,,,,,,,1,dễ trồng,,,,,,,,,,,,,,,,,,,,,,,,,,
Ba Chuc,,,,,,,,,,,,,,,,,,,,,,,,,,,,,,,,,,,,,,,1,"dễ trồng, dễ bán"
Ba Chuc,,,,,,,,,,,,,,,,,,,,,,,,,1,,,,,,,,,,,,,,,
Ba Chuc,1,ổn định,,,,,,,,,,,,,,,,,,,,,,,,,,,,,,,,,,,,,,
Ba Chuc,,,,,,,,,,,,,,,,,,,,,,,,,,,,,,,,,,,,,,,1,"hằng năm, ít chi phí"
Ba Chuc,,,,,,,,,,,,,,,,,,,,,,,,,,,,,,,,,,,,,,,1,
Ba Chuc,,,,,,,,,,,,,,,,,,,,,,,,,,,,,,,,,,,,,,,1,
Ba Chuc,,,1,,,,,,,,,,,,,,,,,,,,,,,,,,,,,,,,,,,,,
Ba Chuc,,,,,,,,,,,,,,,,,,,,,,,,,,,,,,,,,,,,,,,,
Ba Chuc,,,,,,,,,,,,,,,,,,,,,,,,,,,,,,,,,,,,,,,1,
Ba Chuc,,,,,,,,,,,,,1,"có giá, nhanh thu",,,,,,,,,,,,,,,,,,,,,,,,,,
Ba Chuc,,,,,,,,,,,,,,,,,,,,,,,,,,,,,,,,,,,,,,,1,
Ba Chuc,,,,,,,,,,,,,,,,,,,,,,,,,,,,,,,,,,,,,,,1,
Ba Chuc,,,,,,,,,,,,,,,,,,,,,,,,,,,,,,,,,,,,,,,1,có giá
Ba Chuc,,,,,,,,,,,,,,,,,,,,,,,,,,,,,,,,,,,,,,,1,"ít chi phí, sẵn giống, ít công"
Ba Chuc,,,,,,,,,,,,,,,,,,,,,,,,,,,,,,,,,,,,,,,1,"ít chi phí, ít công, ít sâu bệnh"
Ba Chuc,,,,,,,,,,,,,,,,,,,,,,,,,,,,,,,1,,,,,,,,,
Ba Chuc,,,1,"có giá, phù hợp, dễ trồng, ít sâu bệnh",,,,,,,,,,,,,,,,,,,,,,,,,,,,,,,,,,,,
Ba Chuc,,,1,"dễ bán, dễ trồng, chịu hạn, phù hợp",,,,,,,,,,,,,,,,,,,,,,,,,,,,,,,,,,,,
Ba Chuc,1,"có giá, dễ trồng, phù hợp",,,,,,,,,,,,,,,,,,,,,,,,,,,,,,,,,,,,,,
Ba Chuc,,,1,"có giá, phù hợp, dễ trồng, ít sâu bệnh",,,,,,,,,,,,,,,,,,,,,,,,,,,,,,,,,,,,
Ba Chuc,,,1,"có giá, phù hợp, dễ trồng, ít sâu bệnh",,,,,,,,,,,,,,,,,,,,,,,,,,,,,,,,,,,,
Ba Chuc,,,,,,,,,,,,,,,,,,,,,,,,,,,,,,,,,,,,,,,1,
Ba Chuc,,,,,,,,,,,,,,,,,,,,,,,,,,,,,,,,,,,,,,,1,"dễ trồng, ít sâu bệnh"
Ba Chuc,,,,,1,,,,,,,,,,,,,,,,,,,,,,,,,,,,,,,,,,,
Ba Chuc,,,,,,,,,,,,,,,,,,,,,,,,,,,,,,,1,,,,1,,,,,
Ba Chuc,,,,,,,,,,,,,,,,,,,,,,,,,,,,,,,1,"có giá, lấy gỗ",,,,,,,,
Ba Chuc,,,,,,,,,,,,,,,1,có giá,,,,,,,,,,,,,,,,,,,,,,,,
O Lam,,,,,,,,,1,,,,,,,,,,,,,,,,,,,,,,,,,,,,,,1,
O Lam,,,,,,,,,,,,,,,,,,,,,,,,,,,,,,,,,1,có giá,,,1,ổn định,,
O Lam,,,,,,,,,,,,,,,,,,,,,,,,,,,,,,,,,,,,,1,"dễ trồng, dễ bán",,
O Lam,,,,,,,,,,,,,,,,,,,,,,,,,,,,,,,,,,,,,1,"giáp năm, ít công, ổn định",,
O Lam,,,,,,,,,,,,,,,,,,,,,,,,,,,,,,,,,,,,,1,dễ bán,,
O Lam,,,,,,,,,1,dễ bán,,,,,,,,,,,,,,,,,,,,,,,,,,,,,,
O Lam,,,,,,,1,"dễ bán, hằng ngày",,,,,,,,,,,,,,,,,,,,,,,,,,,,,,,,
O Lam,,,,,,,,,,,1,"có giá, sẵn giống, ít chi phí",,,,,,,,,,,,,,,,,,,,,,,,,,,,
O Lam,,,,,,,,,,,,,,,,,,,,,,,,,,,,,,,1,"dễ trồng, thị trường ổn định",,,,,,,,
O Lam,,,,,,,,,,,,,,,,,,,,,,,,,,,,,,,,,,,,,1,"dễ bán, dễ trồng, thị trường ổn định",,
O Lam,,,,,,,,,,,,,,,,,,,,,,,1,"sẵn giống, ít công, ít chi phí",,,,,,,,,,,,,,,,
O Lam,,,,,,,,,,,,,,,,,,,,,,,,,,,,,,,,,,,,,,,,
O Lam,,,,,,,,,,,,,,,,,,,,,,,,,,,,,,,,,,,,,,,,
O Lam,,,,,,,,,,,,,,,,,,,,,,,,,,,,,,,,,,,,,,,,
O Lam,,,,,,,,,,,,,,,,,,,,,,,,,,,,,,,,,,,,,,,,
O Lam,,,,,,,,,,,,,,,,,,,,,,,,,,,,,,,,,,,,,,,,
O Lam,,,,,,,,,,,,,,,,,,,,,,,,,,,,,,,,,,,,,,,,
O Lam,,,,,,,,,,,,,,,,,,,,,,,,,,,,,,,,,,,,,,,,
O Lam,,,,,,,,,,,,,,,,,,,,,,,,,,,,,,,,,,,,,,,,
