"model.total","plant.total","model1.area","model1.main1","model1.main.group1","model1.main1.number","model1.main1.number.unit","model1.main1.year","model1.main1.yield","model1.main1.yield.unit","model1.main2","model1.main2.number","model1.main2.year","model1.main2.yield","model1.main2.yield.unit","model1.intercrop1","model1.intercrop.group1","model1.intercrop1.number","model1.intercrop1.number.unit","model1.intercrop1.year","model1.intercrop1.yield","model1.intercrop1.yield.unit","model1.intercrop2","model1.intercrop2.number","model1.intercrop2.year","model1.intercrop2.yield","model1.intercrop2.yield.unit","model1.intercrop3","model1.intercrop3.number","model1.intercrop3.year","model1.intercrop3.yield","model1.intercrop3.yield.unit","model1.intercrop4","model1.intercrop4.number","model1.intercrop4.year","model1.intercrop4.yield","model1.intercrop4.yield.unit","model1.intercrop5","model1.intercrop5.number","model1.intercrop5.year","model1.intercrop5.yield","model1.intercrop5.yield.unit","model1.intercrop6","model1.intercrop6.number","model1.intercrop6.year","model1.intercrop6.yield","model1.intercrop6.yield.unit","model1.plant.formula.x","model1.soil.characteristic","model1.land.slope","model1.water","model1.income.main.2018","model1.income.intercrop.2018","model1.cost.main.2018","model1.cost.intercrop.2018","model1.income.2018","model1.cost.2018","model1.profit.2018","model1.plant.formula.y","model2.area","model2.main1","model2.main1.number","model2.main1.year","model2.main1.yield","model2.main1.yield.unit","model2.intercrop1","model2.intercrop1.number","model2.intercrop1.year","model2.intercrop1.yield","model2.intercrop1.yield.unit","model2.intercrop2","model2.intercrop2.number","model2.intercrop2.year","model2.intercrop2.yield","model2.intercrop2.yield.unit","model2.intercrop3","model2.intercrop3.number","model2.intercrop3.year","model2.intercrop3.yield","model2.intercrop3.yield.unit"
1,3,2.5,"SAO DEN","LN",625,"CAY",1999,NA,NA,"KEO",625,1999,NA,NA,"TRE (MANG)","TPM",300,NA,2005,10,"TAN",NA,NA,NA,NA,NA,NA,NA,NA,NA,NA,NA,NA,NA,NA,NA,NA,NA,NA,NA,NA,NA,NA,NA,NA,NA,NA,"DAT LAN DA","DOC VUA","CO NUOC",NA,40,NA,11.2,40,11.2,28.8,"LN+RMTP",NA,NA,NA,NA,NA,NA,NA,NA,NA,NA,NA,NA,NA,NA,NA,NA,NA,NA,NA,NA,NA
1,4,0.1,"SAO DEN","LN",13,"CAY",2014,NA,NA,NA,NA,NA,NA,NA,"TRE (MANG)","TPM",25,NA,1007,NA,NA,"SAU RIENG",5,2019,NA,NA,"BO",20,2019,NA,NA,NA,NA,NA,NA,NA,NA,NA,NA,NA,NA,NA,NA,NA,NA,NA,NA,NA,"DOC VUA","THIEU NUOC",NA,15,NA,10,15,10,5,"LN+RMTP",NA,NA,NA,NA,NA,NA,NA,NA,NA,NA,NA,NA,NA,NA,NA,NA,NA,NA,NA,NA,NA
1,4,0.45,"TRE (MANG)","TP(M)",100,"BUI",2013,400,"KG",NA,NA,NA,NA,NA,"CHUOI","RMTP",50,NA,2014,150,"BUONG (MOI BUONG 10 - 12 NAI)","BO",150,2015,2,"TAN","DAU XANH",20,2013,750,"KG",NA,NA,NA,NA,NA,NA,NA,NA,NA,NA,NA,NA,NA,NA,NA,NA,"DAT XAM DEN","DOC VUA","CO NUOC",3,70,1,2,73,3,70,"TPM+RM",NA,NA,NA,NA,NA,NA,NA,NA,NA,NA,NA,NA,NA,NA,NA,NA,NA,NA,NA,NA,NA
1,2,0.2,"SAU RIENG","AQ",30,"CAY",2014,200,"KG",NA,NA,NA,NA,NA,"CHUOI","RMTP",30,NA,2014,500,"KG",NA,NA,NA,NA,NA,NA,NA,NA,NA,NA,NA,NA,NA,NA,NA,NA,NA,NA,NA,NA,NA,NA,NA,NA,NA,"AQ+RMTP","DAT CAT PHA","DOC VUA","CO NUOC",25,25,5,5,50,10,40,"AQ+RMTP",NA,NA,NA,NA,NA,NA,NA,NA,NA,NA,NA,NA,NA,NA,NA,NA,NA,NA,NA,NA,NA
1,6,0.8,"GIANG HUONG","LN",2000,"CAY",2000,NA,NA,"TRE (MANG)",700,NA,10,"TAN","MANG CAU","AQ",100,NA,2012,500,"KG","BO",50,2012,200,"KG","CAM, QUYT",50,2014,200,"KG","SU SU",80,2019,500,"KG",NA,NA,NA,NA,NA,NA,NA,NA,NA,NA,"LN+AQ","DAT CAT PHA","DOC CAO","THIEU NUOC",6,10,NA,NA,16,0,16,"LN+AQ",NA,NA,NA,NA,NA,NA,NA,NA,NA,NA,NA,NA,NA,NA,NA,NA,NA,NA,NA,NA,NA
1,3,0.8,"KEO LA TRAM","LN",300,"CAY",2009,NA,NA,NA,NA,NA,NA,NA,"DAU VE","RMTP",NA,NA,2009,100,"KG","SU SU",NA,2009,100,"KG",NA,NA,NA,NA,NA,NA,NA,NA,NA,NA,NA,NA,NA,NA,NA,NA,NA,NA,NA,NA,NA,"DAT LAN DA","DOC VUA","THIEU NUOC",NA,10,NA,5,10,5,5,"LN+RMTP",NA,NA,NA,NA,NA,NA,NA,NA,NA,NA,NA,NA,NA,NA,NA,NA,NA,NA,NA,NA,NA
1,4,0.4,"TRE (MANG)","TP(M)",50,"BUI",2000,3,"TAN",NA,NA,NA,NA,NA,"BO","AQ",10,NA,2015,1,"TAN","SAU RIENG",10,2015,NA,NA,"DAU XANH",20,2010,10,"TAN",NA,NA,NA,NA,NA,NA,NA,NA,NA,NA,NA,NA,NA,NA,NA,"TPM+AQ",NA,"DOC VUA","THIEU NUOC",15,95,10,7.5,110,17.5,92.5,"TPM+AQ",NA,NA,NA,NA,NA,NA,NA,NA,NA,NA,NA,NA,NA,NA,NA,NA,NA,NA,NA,NA,NA
1,5,3,"SAO DEN","LN",100,"CAY",1997,NA,NA,NA,NA,NA,NA,NA,"MIT","AQ",200,NA,1997,NA,NA,"SAU RIENG",200,2000,4.5,"TAN","DAU DA",35,2000,100,"KG","HONG QUAN",100,2008,300,"KG",NA,NA,NA,NA,NA,NA,NA,NA,NA,NA,"LN+AQ","DAT XAM DEN","DOC VUA","CO NUOC",NA,230,NA,90,230,90,140,"LN+AQ",NA,NA,NA,NA,NA,NA,NA,NA,NA,NA,NA,NA,NA,NA,NA,NA,NA,NA,NA,NA,NA
1,3,2.5,"TRE (MANG)","TP(M)",1000,"BUI",1990,25,"TAN",NA,NA,NA,NA,NA,"CAM QUYT","AQ",250,NA,2016,NA,NA,"CAM, QUYT",150,2016,NA,NA,NA,NA,NA,NA,NA,NA,NA,NA,NA,NA,NA,NA,NA,NA,NA,NA,NA,NA,NA,NA,"TPM+AQ","DAT XAM DEN","DOC VUA","CO NUOC",180,0,0,80,180,80,100,"TPM+AQ",NA,NA,NA,NA,NA,NA,NA,NA,NA,NA,NA,NA,NA,NA,NA,NA,NA,NA,NA,NA,NA
1,6,3,"TRE (MANG)","TP(M)",300,"BUI",1985,10,"TAN",NA,NA,NA,NA,NA,"BO","AQ",NA,NA,1980,600,"KG","DAU DA",200,2002,700,"KG","CAM, QUYT",300,2016,NA,NA,"QUYT",100,2015,1,"TAN","MANG CAU",40,NA,300,"KG",NA,NA,NA,NA,NA,"TPM+AQ","DAT XAM DEN","DOC VUA","THIEU NUOC",80,35,15,5,115,20,95,"TPM+AQ",NA,NA,NA,NA,NA,NA,NA,NA,NA,NA,NA,NA,NA,NA,NA,NA,NA,NA,NA,NA,NA
1,4,0.2,"GIO BAU","LN",50,"CAY",2003,NA,NA,NA,NA,NA,NA,NA,"SAU RIENG","AQ",20,NA,2018,NA,NA,"BO",20,2010,250,"KG","MIT",20,2010,100,"KG",NA,NA,NA,NA,NA,NA,NA,NA,NA,NA,NA,NA,NA,NA,NA,"LN+AQ","DAT XAM DEN","DOC VUA","THIEU NUOC",NA,5,NA,NA,5,0,5,"LN+AQ",NA,NA,NA,NA,NA,NA,NA,NA,NA,NA,NA,NA,NA,NA,NA,NA,NA,NA,NA,NA,NA
1,5,0.35,"SAO DEN","LN",25,"CAY",2009,NA,NA,"TRAM",15,2009,NA,NA,"DAU DA","AQ",40,NA,2013,2,"TAN","MIT",10,2009,NA,NA,"TRE (MANG)",13,2000,3,"TAN",NA,NA,NA,NA,NA,NA,NA,NA,NA,NA,NA,NA,NA,NA,NA,"LN+AQ","DAT XAM DEN","DOC VUA","THIEU NUOC",NA,50,NA,8,50,8,42,"LN+AQ",NA,NA,NA,NA,NA,NA,NA,NA,NA,NA,NA,NA,NA,NA,NA,NA,NA,NA,NA,NA,NA
1,3,1.71,"TRE (MANG)","TP(M)",280,"BUI",1998,5.5,"TAN","SAO",650,1997,NA,NA,"BO","AQ",55,NA,2018,NA,NA,NA,NA,NA,NA,NA,NA,NA,NA,NA,NA,NA,NA,NA,NA,NA,NA,NA,NA,NA,NA,NA,NA,NA,NA,NA,"TPM+AQ","DAT XAM DEN","DOC CAO","CO NUOC",50,60,20,15,110,35,75,"TPM+AQ",NA,NA,NA,NA,NA,NA,NA,NA,NA,NA,NA,NA,NA,NA,NA,NA,NA,NA,NA,NA,NA
1,2,0.3,"SU SU","RMTP",60,"CAY",1999,3,"TAN",NA,NA,NA,NA,NA,"TRE (MANG)","TPM",50,NA,1999,600,"KG",NA,NA,NA,NA,NA,NA,NA,NA,NA,NA,NA,NA,NA,NA,NA,NA,NA,NA,NA,NA,NA,NA,NA,NA,NA,NA,"DAT XAM DEN","DOC VUA","THIEU NUOC",30,4,5,3,34,8,26,"TPM+RM",NA,NA,NA,NA,NA,NA,NA,NA,NA,NA,NA,NA,NA,NA,NA,NA,NA,NA,NA,NA,NA
1,5,1.8,"TRE (MANG)","TP(M)",150,"BUI",1985,3,"TAN",NA,NA,NA,NA,NA,"BO","AQ",30,NA,2010,600,"KG","MANG CAU",70,200,300,"KG","CAM, QUYT",70,2016,NA,NA,"DAU",20,2012,500,"KG",NA,NA,NA,NA,NA,NA,NA,NA,NA,NA,"TPM+AQ","DAT CAT PHA","DOC VUA","CO NUOC",18,10,NA,2,28,2,26,"TPM+AQ",NA,NA,NA,NA,NA,NA,NA,NA,NA,NA,NA,NA,NA,NA,NA,NA,NA,NA,NA,NA,NA
1,4,0.35,"SAO DEN","LN",20,"CAY",1999,NA,NA,"BUA",10,1999,NA,NA,"DAU DA","AQ",100,NA,2009,1,"TAN","TIEU",150,2010,30,"KG",NA,NA,NA,NA,NA,NA,NA,NA,NA,NA,NA,NA,NA,NA,NA,NA,NA,NA,NA,NA,"LN+AQ",NA,"DOC VUA","THIEU NUOC",NA,10,NA,1,10,1,9,"LN+AQ",NA,NA,NA,NA,NA,NA,NA,NA,NA,NA,NA,NA,NA,NA,NA,NA,NA,NA,NA,NA,NA
1,8,3.5,"KEO LA TRAM","LN",200,"CAY",1990,NA,NA,"SAO",300,1990,NA,NA,"BO","AQ",20,NA,2009,100,"KG","TRE (MANG)",NA,2009,20,"TAN","DAU DA",300,2009,700,"KG","SAU RIENG",NA,2009,250,"KG","DUA",NA,2009,NA,NA,"CHANH",500,2019,NA,NA,"LN+AQ","DAT XAM DEN","DOC VUA","THIEU NUOC",NA,130,NA,20,130,20,110,"LN+AQ",NA,NA,NA,NA,NA,NA,NA,NA,NA,NA,NA,NA,NA,NA,NA,NA,NA,NA,NA,NA,NA
1,2,0.09,"SAO DEN","LN",20,"CAY",1995,NA,NA,NA,NA,NA,NA,NA,"TRE (MANG)","TPM",65,NA,2000,1.5,"TAN",NA,NA,NA,NA,NA,NA,NA,NA,NA,NA,NA,NA,NA,NA,NA,NA,NA,NA,NA,NA,NA,NA,NA,NA,NA,NA,"DAT XAM DEN","DOC CAO","THIEU NUOC",10,100,NA,50,110,50,60,"LN+RMTP",NA,NA,NA,NA,NA,NA,NA,NA,NA,NA,NA,NA,NA,NA,NA,NA,NA,NA,NA,NA,NA
1,4,1,"BO","AQ",300,"CAY",2008,1,"TAN",NA,NA,NA,NA,NA,"MANG CUT","AQ",200,NA,2008,500,"KG","TRE (MANG)",100,2018,NA,NA,"TIEU",80,2008,50,"KG",NA,NA,NA,NA,NA,NA,NA,NA,NA,NA,NA,NA,NA,NA,NA,"AQ","DAT CAT PHA","DOC VUA","CO NUOC",30,10,6,4,40,10,30,"AQ",NA,NA,NA,NA,NA,NA,NA,NA,NA,NA,NA,NA,NA,NA,NA,NA,NA,NA,NA,NA,NA
1,4,1.3,"TRE (MANG)","TP(M)",200,"BUI",NA,3,"TAN",NA,NA,NA,NA,NA,"TIEU","AQ",200,NA,2009,100,"KG","DAU DA",40,2009,300,"KG","SAU RIENG",10,2000,30,"KG",NA,NA,NA,NA,NA,NA,NA,NA,NA,NA,NA,NA,NA,NA,NA,"TPM+AQ","DAT XAM DEN","DOC CAO","THIEU NUOC",36,14,4,2,50,6,44,"TPM+AQ",NA,NA,NA,NA,NA,NA,NA,NA,NA,NA,NA,NA,NA,NA,NA,NA,NA,NA,NA,NA,NA
1,3,0.55,"TRE (MANG)","TP(M)",60,"BUI",1999,3,"TAN",NA,NA,NA,NA,NA,"SAU RIENG","AQ",45,NA,2009,6,"TAN","CAM, QUYT",30,2010,900,"KG",NA,NA,NA,NA,NA,NA,NA,NA,NA,NA,NA,NA,NA,NA,NA,NA,NA,NA,NA,NA,"TPM+AQ","DAT CAT PHA","DOC IT","CO NUOC",20,50,3,10,70,13,57,"TPM+AQ",NA,NA,NA,NA,NA,NA,NA,NA,NA,NA,NA,NA,NA,NA,NA,NA,NA,NA,NA,NA,NA
1,2,0.6,"TRE (MANG)","TP(M)",70,"BUI",2002,1,"TAN",NA,NA,NA,NA,NA,"CHOM CHOM","AQ",40,NA,2019,NA,NA,NA,NA,NA,NA,NA,NA,NA,NA,NA,NA,NA,NA,NA,NA,NA,NA,NA,NA,NA,NA,NA,NA,NA,NA,NA,"TPM+AQ",NA,"DOC VUA","CO NUOC",20,NA,5,NA,20,5,15,"TPM+AQ",NA,NA,NA,NA,NA,NA,NA,NA,NA,NA,NA,NA,NA,NA,NA,NA,NA,NA,NA,NA,NA
1,6,0.72,"TRE (MANG)","TP(M)",100,"BUI",1994,200,"KG",NA,NA,NA,NA,NA,"BO","AQ",25,NA,2013,100,"KG","MANG CAU",4,2012,50,"KG","SAU RIENG",7,2012,100,"KG","QUYT",500,2017,NA,NA,"DUA",10,2017,NA,NA,NA,NA,NA,NA,NA,"TPM+AQ","DAT XAM DEN","DOC CAO","CO NUOC",14,7,1,2,21,3,18,"TPM+AQ",NA,NA,NA,NA,NA,NA,NA,NA,NA,NA,NA,NA,NA,NA,NA,NA,NA,NA,NA,NA,NA
1,5,2,"TRE (MANG)","TP(M)",300,"CAY",2001,10,"TAN","MIT",100,1980,0,NA,"BO","AQ",60,NA,2001,500,"KG","SAU RIENG",40,2001,0,NA,"CAM, QUYT",400,2001,0,NA,NA,NA,NA,NA,NA,NA,NA,NA,NA,NA,NA,NA,NA,NA,NA,"TPM+AQ","DAT CAT PHA","DOC VUA","THIEU NUOC",30,5,2,3,35,5,30,"TPM+AQ",NA,NA,NA,NA,NA,NA,NA,NA,NA,NA,NA,NA,NA,NA,NA,NA,NA,NA,NA,NA,NA
1,4,0.3,"GIANG HUONG","LN",30,"CAY",2019,NA,NA,"TRE (MANG)",50,2013,350,"KG","BO","AQ",10,NA,2009,50,"KG","TIEU",10,2013,2.5,"KG",NA,NA,NA,NA,NA,NA,NA,NA,NA,NA,NA,NA,NA,NA,NA,NA,NA,NA,NA,NA,"LN+AQ","DAT CAT PHA","DOC CAO","THIEU NUOC",5,1,NA,NA,6,0,6,"LN+AQ",NA,NA,NA,NA,NA,NA,NA,NA,NA,NA,NA,NA,NA,NA,NA,NA,NA,NA,NA,NA,NA
1,6,0.2,"TRE (MANG)","TP(M)",25,"BUI",1995,200,"KG",NA,NA,NA,NA,NA,"SABOCHE","AQ",10,NA,2002,100,"KG","BUOI",20,2009,NA,NA,"CAM, QUYT",100,2009,200,"KG","BO",20,2015,NA,NA,"DAU",20,2015,200,"KG",NA,NA,NA,NA,NA,"TPM+AQ","DAT CAT PHA","DOC VUA","THIEU NUOC",12,7,NA,NA,19,0,19,"TPM+AQ",NA,NA,NA,NA,NA,NA,NA,NA,NA,NA,NA,NA,NA,NA,NA,NA,NA,NA,NA,NA,NA
1,3,0.1,"TRE (MANG)","TP(M)",55,"BUI",1999,200,"KG",NA,NA,NA,NA,NA,"BO","AQ",10,NA,2015,1.5,"TAN","TIEU",15,2015,8.5,"TAN",NA,NA,NA,NA,NA,NA,NA,NA,NA,NA,NA,NA,NA,NA,NA,NA,NA,NA,NA,NA,"TPM+AQ",NA,"DOC IT","THIEU NUOC",50,10,5,3,60,8,52,"TPM+AQ",NA,NA,NA,NA,NA,NA,NA,NA,NA,NA,NA,NA,NA,NA,NA,NA,NA,NA,NA,NA,NA
1,7,7.65,"SAO DEN","LN",500,"CAY",1997,NA,NA,"TRE (MANG)",500,1997,5,"TAN","DAU DA","AQ",100,NA,2014,550,"KG","BO",200,2014,500,"KG","TIEU",200,1997,120,"KG","KHOAI LUN",NA,2015,500,"KG",NA,NA,NA,NA,NA,NA,NA,NA,NA,NA,"LN+AQ","DAT LAN DA","DOC IT","CO NUOC",15,23,1.5,2.5,38,4,34,"LN+AQ",NA,NA,NA,NA,NA,NA,NA,NA,NA,NA,NA,NA,NA,NA,NA,NA,NA,NA,NA,NA,NA
1,4,0.4,"TRE (MANG)","TP(M)",30,"CAY",1990,1,"TAN","SU",40,2000,1,"TAN","MIT","AQ",20,NA,2000,800,"KG","DAU DA",20,2000,1,"TAN",NA,NA,NA,NA,NA,NA,NA,NA,NA,NA,NA,NA,NA,NA,NA,NA,NA,NA,NA,NA,"TPM+AQ","DAT LAN DA","DOC VUA","THIEU NUOC",25,30,2,5,55,7,48,"TPM+AQ",NA,NA,NA,NA,NA,NA,NA,NA,NA,NA,NA,NA,NA,NA,NA,NA,NA,NA,NA,NA,NA
1,4,1,"GIANG HUONG","LN",635,"CAY",2000,NA,NA,NA,NA,NA,NA,NA,"SO RI","AQ",80,NA,2005,80,"KG","DINH LANG",4000,2015,NA,NA,"TRE (MANG)",200,2000,3,"TAN",NA,NA,NA,NA,NA,NA,NA,NA,NA,NA,NA,NA,NA,NA,NA,"LN+AQ","DAT CAT PHA","DOC VUA","THIEU NUOC",5,10,3,3,15,6,9,"LN+AQ",NA,NA,NA,NA,NA,NA,NA,NA,NA,NA,NA,NA,NA,NA,NA,NA,NA,NA,NA,NA,NA
2,4,0.7,"TRE (MANG)","TP(M)",100,"BUI",2011,3,"TAN",NA,NA,NA,NA,NA,NA,NA,NA,NA,NA,NA,NA,NA,NA,NA,NA,NA,NA,NA,NA,NA,NA,NA,NA,NA,NA,NA,NA,NA,NA,NA,NA,NA,NA,NA,NA,NA,NA,"DAT CAT PHA","DOC VUA","THIEU NUOC",10,NA,2,NA,10,2,8,"TPM+RM",NA,"TRE (MANG)",150,2015,NA,NA,"CHUOI",50,2015,50,"BUONG","MANG CAU",100,2015,NA,NA,NA,NA,NA,NA,NA
1,3,1,"TRE (MANG)","TP(M)",NA,NA,2009,5.5,"TAN",NA,NA,NA,NA,NA,"TIEU","AQ",150,NA,2004,80,"KG","BO",30,2006,1,"TAN",NA,NA,NA,NA,NA,NA,NA,NA,NA,NA,NA,NA,NA,NA,NA,NA,NA,NA,NA,NA,"TPM+AQ",NA,"DOC VUA","THIEU NUOC",25,14,2,2,39,4,35,"TPM+AQ",NA,NA,NA,NA,NA,NA,NA,NA,NA,NA,NA,NA,NA,NA,NA,NA,NA,NA,NA,NA,NA
1,4,0.225,"TRE (MANG)","TP(M)",50,"BUI",2016,300,"KG",NA,NA,NA,NA,NA,"SAU RIENG","AQ",20,NA,2015,100,"KG","DAU DA",40,2016,300,"KG","BUOI",15,2016,100,"KG",NA,NA,NA,NA,NA,NA,NA,NA,NA,NA,NA,NA,NA,NA,NA,"TPM+AQ","DAT LAN DA","DOC CAO","CO NUOC",1.5,8,1,1,9.5,2,7.5,"TPM+AQ",NA,NA,NA,NA,NA,NA,NA,NA,NA,NA,NA,NA,NA,NA,NA,NA,NA,NA,NA,NA,NA
1,3,10,"CAM, QUYT","AQCM",10000,"CAY",1990,50,"TAN",NA,NA,NA,NA,NA,"TRE (MANG)","TPM",50,NA,1990,2,"TAN",NA,NA,NA,NA,NA,NA,NA,NA,NA,NA,NA,NA,NA,NA,NA,NA,NA,NA,NA,NA,NA,NA,NA,NA,NA,"TPM+AQ","DAT XAM DEN","DOC VUA","CO NUOC",380,60,250,10,440,260,180,"TPM+AQ",NA,NA,NA,NA,NA,NA,NA,NA,NA,NA,NA,NA,NA,NA,NA,NA,NA,NA,NA,NA,NA
2,5,0.5,"SAO DEN","LN",50,"CAY",1992,NA,NA,"KEO",50,1994,NA,NA,NA,NA,NA,NA,NA,NA,NA,NA,NA,NA,NA,NA,NA,NA,NA,NA,NA,NA,NA,NA,NA,NA,NA,NA,NA,NA,NA,NA,NA,NA,NA,NA,NA,"DAT CAT PHA",NA,NA,NA,NA,NA,NA,NA,NA,NA,"LN",1,"TRE (MANG)",100,NA,1.5,"TAN","BO",20,2008,400,"KG","CHOM CHOM",40,2009,80,"KG",NA,NA,NA,NA,NA
1,4,0.38,"TRE (MANG)","TP(M)",100,"BUI",1999,4,"TAN","GO DO",200,2018,NA,NA,"TIEU","AQ",200,NA,2012,100,"KG","BO",100,2009,1,"TAN",NA,NA,NA,NA,NA,NA,NA,NA,NA,NA,NA,NA,NA,NA,NA,NA,NA,NA,NA,NA,"TPM+AQ","DAT XAM DEN","DOC VUA","THIEU NUOC",20,30,1,1,50,2,48,"TPM+AQ",NA,NA,NA,NA,NA,NA,NA,NA,NA,NA,NA,NA,NA,NA,NA,NA,NA,NA,NA,NA,NA
1,5,2.5,"TRE (MANG)","TP(M)",500,"BUI",2000,40,"TAN",NA,NA,NA,NA,NA,"TIEU","AQ",200,NA,2000,100,"KG","DAU DA",120,2000,300,"KG","CAM, QUYT",100,2000,NA,NA,"SAU RIENG",20,2000,50,"KG",NA,NA,NA,NA,NA,NA,NA,NA,NA,NA,"TPM+AQ",NA,"DOC VUA","THIEU NUOC",180,15,60,10,195,70,125,"TPM+AQ",NA,NA,NA,NA,NA,NA,NA,NA,NA,NA,NA,NA,NA,NA,NA,NA,NA,NA,NA,NA,NA
1,5,0.72,"SAO DEN","LN",15,"CAY",1994,NA,NA,"TRE (MANG)",120,1994,650,"KG","BO","AQ",17,NA,1994,65,"KG","SAU RIENG",16,1994,50,"KG","CHUOI",65,2015,25,"NAI",NA,NA,NA,NA,NA,NA,NA,NA,NA,NA,NA,NA,NA,NA,NA,"LN+AQ","DAT LAN DA","DOC VUA","CO NUOC",10,10,2,2,20,4,16,"LN+AQ",NA,NA,NA,NA,NA,NA,NA,NA,NA,NA,NA,NA,NA,NA,NA,NA,NA,NA,NA,NA,NA
1,3,5,"TRE (MANG)","TP(M)",500,"BUI",1999,30,"TAN",NA,NA,NA,NA,NA,"BO","AQ",100,NA,2004,4,"TAN","DAU DA",200,2004,600,"KG",NA,NA,NA,NA,NA,NA,NA,NA,NA,NA,NA,NA,NA,NA,NA,NA,NA,NA,NA,NA,"TPM+AQ","DAT CAT PHA","DOC VUA","CO NUOC",240,130,115,30,370,145,225,"TPM+AQ",NA,NA,NA,NA,NA,NA,NA,NA,NA,NA,NA,NA,NA,NA,NA,NA,NA,NA,NA,NA,NA
1,7,1,"TRE (MANG)","TP(M)",60,"BUI",1998,2,"TAN",NA,NA,NA,NA,NA,"SAU RIENG","AQ",10,NA,1998,25,"KG","SU SU",80,2018,NA,NA,"BO",10,1998,600,"KG","QUYT",20,2015,NA,NA,"TIEU",20,2003,25,"KG","DAU",20,2003,200,"KG","TPM+AQ","DAT CAT PHA","DOC CAO","THIEU NUOC",20,37,1,7.5,57,8.5,48.5,"TPM+AQ",NA,NA,NA,NA,NA,NA,NA,NA,NA,NA,NA,NA,NA,NA,NA,NA,NA,NA,NA,NA,NA
1,7,2,"TRE (MANG)","TP(M)",400,"BUI",1990,10,"TAN",NA,NA,NA,NA,NA,"BO","AQ",100,NA,2005,4,"TAN","SAU RIENG",40,2009,1,"TAN","CAM, QUYT",400,2014,NA,NA,"MIT",70,2010,NA,NA,"TIEU",100,2012,150,"KG","MANG CAU",20,2012,50,"KG","TPM+AQ","DAT CAT PHA","DOC VUA","THIEU NUOC",120,115,25,15,235,40,195,"TPM+AQ",NA,NA,NA,NA,NA,NA,NA,NA,NA,NA,NA,NA,NA,NA,NA,NA,NA,NA,NA,NA,NA
1,6,4.5,"TRE (MANG)","TP(M)",150,"BUI",1998,10,"TAN",NA,NA,NA,NA,NA,"DAU DA","AQ",125,NA,1998,NA,NA,"HONG QUAN",15,2004,350,"KG","MIT",15,2004,NA,NA,"KHOAI LUN",NA,2009,1,"TAN","QUYT",25,2019,NA,NA,NA,NA,NA,NA,NA,"TPM+AQ","DAT CAT PHA","DOC VUA","THIEU NUOC",30,350,10,35,380,45,335,"TPM+AQ",NA,NA,NA,NA,NA,NA,NA,NA,NA,NA,NA,NA,NA,NA,NA,NA,NA,NA,NA,NA,NA
1,5,0.45,"TRE (MANG)","TP(M)",NA,NA,2009,7,"TAN",NA,NA,NA,NA,NA,"CHOM CHOM","AQ",200,NA,2018,NA,NA,"CAM, QUYT",NA,2009,NA,NA,"TIEU",NA,2009,250,"KG","BO",350,2018,1,"TAN",NA,NA,NA,NA,NA,NA,NA,NA,NA,NA,"TPM+AQ","DAT CAT PHA","DOC CAO","THIEU NUOC",90,35,5,5,125,10,115,"TPM+AQ",NA,NA,NA,NA,NA,NA,NA,NA,NA,NA,NA,NA,NA,NA,NA,NA,NA,NA,NA,NA,NA
1,4,0.25,"TRE (MANG)","TP(M)",100,"BUI",1999,1,"TAN",NA,NA,NA,NA,NA,"SAU RIENG","AQ",50,NA,1999,150,"KG","BO",50,1999,30,"KG","DAU DA",15,1999,500,"KG",NA,NA,NA,NA,NA,NA,NA,NA,NA,NA,NA,NA,NA,NA,NA,"TPM+AQ","DAT CAT PHA","DOC VUA","CO NUOC",10,15,2,3,25,5,20,"TPM+AQ",NA,NA,NA,NA,NA,NA,NA,NA,NA,NA,NA,NA,NA,NA,NA,NA,NA,NA,NA,NA,NA
1,4,2,"SAO DEN","LN",125,"CAY",2000,NA,NA,"TRE (MANG)",100,NA,4,"TAN","SAU RIENG","AQ",90,NA,2000,100,"KG","BO",90,2000,200,"KG",NA,NA,NA,NA,NA,NA,NA,NA,NA,NA,NA,NA,NA,NA,NA,NA,NA,NA,NA,NA,"LN+AQ","DAT LAN DA","DOC VUA","CO NUOC",20,10,8,5,30,13,17,"LN+AQ",NA,NA,NA,NA,NA,NA,NA,NA,NA,NA,NA,NA,NA,NA,NA,NA,NA,NA,NA,NA,NA
1,2,1,"TRE (MANG)","TP(M)",150,"BUI",1999,5,"TAN",NA,NA,NA,NA,NA,"BO","AQ",100,NA,2012,100,"KG",NA,NA,NA,NA,NA,NA,NA,NA,NA,NA,NA,NA,NA,NA,NA,NA,NA,NA,NA,NA,NA,NA,NA,NA,NA,"TPM+AQ",NA,"DOC VUA","THIEU NUOC",25,1,2,2,26,4,22,"TPM+AQ",NA,NA,NA,NA,NA,NA,NA,NA,NA,NA,NA,NA,NA,NA,NA,NA,NA,NA,NA,NA,NA
1,4,0.37,"SAO DEN","LN",250,"CAY",1998,NA,NA,"TRE (MANG)",35,1998,NA,NA,"SAU RIENG","AQ",205,NA,2003,400,"KG","BO",10,NA,300,"KG",NA,NA,NA,NA,NA,NA,NA,NA,NA,NA,NA,NA,NA,NA,NA,NA,NA,NA,NA,NA,"LN+AQ",NA,"DOC IT","THIEU NUOC",10,30,NA,5,40,5,35,"LN+AQ",NA,NA,NA,NA,NA,NA,NA,NA,NA,NA,NA,NA,NA,NA,NA,NA,NA,NA,NA,NA,NA
1,3,5,"TRE (MANG)","TP(M)",3500,"BUI",1994,9,"TAN",NA,NA,NA,NA,NA,"BO","AQ",500,NA,2014,350,"KG","CAM, QUYT",6000,2014,NA,NA,NA,NA,NA,NA,NA,NA,NA,NA,NA,NA,NA,NA,NA,NA,NA,NA,NA,NA,NA,NA,"TPM+AQ","DAT XAM DEN","DOC VUA","THIEU NUOC",70,10,20,5,80,25,55,"TPM+AQ",NA,NA,NA,NA,NA,NA,NA,NA,NA,NA,NA,NA,NA,NA,NA,NA,NA,NA,NA,NA,NA
1,5,2.5,"GO DO","LN",400,"CAY",2018,NA,NA,NA,NA,NA,NA,NA,"BUOI","AQCM",150,NA,2000,900,"KG","CAM, QUYT",200,2005,1,"TAN","DAU DA",50,2005,5,"TAN","SAU RIENG",50,1997,250,"KG",NA,NA,NA,NA,NA,NA,NA,NA,NA,NA,"LN+AQ","DAT CAT PHA","DOC IT","THIEU NUOC",0,40,12,10,40,22,18,"LN+AQ",NA,NA,NA,NA,NA,NA,NA,NA,NA,NA,NA,NA,NA,NA,NA,NA,NA,NA,NA,NA,NA
2,5,0.52,"TRE (MANG)","TP(M)",20,"BUI",2002,20,"KG",NA,NA,NA,NA,NA,"SAU RIENG","AQ",20,NA,2009,75,"KG","BO",20,2009,120,"KG","DAU DA",150,2012,700,"KG",NA,NA,NA,NA,NA,NA,NA,NA,NA,NA,NA,NA,NA,NA,NA,"TPM+AQ","DAT CAT PHA","DOC VUA","THIEU NUOC",10,16,3,6.4,26,9.4,16.6,"TPM+AQ",0.14,"SU",40,2019,600,"KG",NA,NA,NA,NA,NA,NA,NA,NA,NA,NA,NA,NA,NA,NA,NA
1,3,0.5,"MAT MEO","DL",100,"CAY",1989,NA,NA,NA,NA,NA,NA,NA,"CAM QUYT","AQCM",100,NA,2014,1,"TAN","XOAI",30,1989,1.5,"TAN",NA,NA,NA,NA,NA,NA,NA,NA,NA,NA,NA,NA,NA,NA,NA,NA,NA,NA,NA,NA,"AQ+VL+DL","DAT XAM DEN","DOC VUA","CO NUOC",NA,35,NA,6.2,35,6.2,28.8,"AQ+VL+DL",NA,NA,NA,NA,NA,NA,NA,NA,NA,NA,NA,NA,NA,NA,NA,NA,NA,NA,NA,NA,NA
2,8,0.97,"TRE (MANG)","TP(M)",200,"BUI",1999,NA,NA,"SAO",20,1993,NA,NA,"SAU RIENG","AQ",10,NA,2000,100,"KG","NGHE",20,2010,NA,NA,"CAM, QUYT",200,NA,NA,NA,NA,NA,NA,NA,NA,NA,NA,NA,NA,NA,NA,NA,NA,NA,NA,"TPM+AQ",NA,"DOC IT","THIEU NUOC",5,20,0.5,NA,25,0.5,24.5,"TPM+AQ",0.34,"TRE (MANG)",NA,1999,NA,NA,"BO",10,2016,500,"KG","MANG CAU",30,2017,50,"KG","DAU",30,2009,100,"KG"
1,6,1.17,"TRE (MANG)","TP(M)",200,"BUI",1985,5,"TAN",NA,NA,NA,NA,NA,"SAU RIENG","AQ",30,NA,1989,500,"KG","DAU DA",50,1989,1,"TAN","DINH LANG",60,2009,200,"KG","BO",50,1989,2,"TAN","TIEU",100,2009,350,"KG",NA,NA,NA,NA,NA,"TPM+AQ",NA,"DOC CAO","CO NUOC",70,130,45,10,200,55,145,"TPM+AQ",NA,NA,NA,NA,NA,NA,NA,NA,NA,NA,NA,NA,NA,NA,NA,NA,NA,NA,NA,NA,NA
1,2,0.24,"DAU DA","AQ",85,"CAY",2008,900,"KG",NA,NA,NA,NA,NA,"TRE (MANG)","TPM",150,NA,1994,100,"KG",NA,NA,NA,NA,NA,NA,NA,NA,NA,NA,NA,NA,NA,NA,NA,NA,NA,NA,NA,NA,NA,NA,NA,NA,NA,"TPM+AQ","DAT CAT PHA","DOC IT","THIEU NUOC",10,5,1,0,15,1,14,"TPM+AQ",NA,NA,NA,NA,NA,NA,NA,NA,NA,NA,NA,NA,NA,NA,NA,NA,NA,NA,NA,NA,NA
2,4,1.6,"HONG QUAN","AQ",100,"CAY",2012,900,"KG",NA,NA,NA,NA,NA,"BO","AQ",200,NA,2017,NA,NA,"CAM, QUYT",300,2018,NA,NA,NA,NA,NA,NA,NA,NA,NA,NA,NA,NA,NA,NA,NA,NA,NA,NA,NA,NA,NA,NA,"AQ","DAT CAT PHA","DOC CAO","CO NUOC",150,50,70,7,200,77,123,"AQ",0.5,"SU",200,2018,10,"TAN",NA,NA,NA,NA,NA,NA,NA,NA,NA,NA,NA,NA,NA,NA,NA
1,4,1,"TRE (MANG)","TP(M)",110,"BUI",1980,8,"TAN",NA,NA,NA,NA,NA,"CAM QUYT","AQCM",700,NA,2015,2,"TAN","DUA",40,1989,700,"TRAI","CHUOI",60,2014,1,"TAN",NA,NA,NA,NA,NA,NA,NA,NA,NA,NA,NA,NA,NA,NA,NA,"TPM+AQ","DAT XAM DEN","DOC VUA","THIEU NUOC",40,45,2.5,2.5,85,5,80,"TPM+AQ",NA,NA,NA,NA,NA,NA,NA,NA,NA,NA,NA,NA,NA,NA,NA,NA,NA,NA,NA,NA,NA
1,2,1.4,"KEO LA TRAM","LN",45,"CAY",1993,NA,NA,NA,NA,NA,NA,NA,"TRE (MANG)","TPM",90,NA,2009,4,"TAN",NA,NA,NA,NA,NA,NA,NA,NA,NA,NA,NA,NA,NA,NA,NA,NA,NA,NA,NA,NA,NA,NA,NA,NA,NA,NA,NA,"DOC VUA","THIEU NUOC",NA,25,NA,2,25,2,23,"LN+RMTP",NA,NA,NA,NA,NA,NA,NA,NA,NA,NA,NA,NA,NA,NA,NA,NA,NA,NA,NA,NA,NA
1,6,0.9,"TRE (MANG)","TP(M)",30,"BUI",2012,1,"TAN","SAO",NA,1989,NA,NA,"DAU DA","AQ",100,NA,2012,NA,NA,"SAU RIENG",30,2015,300,"KG","BO",50,2015,NA,NA,"DINH LANG",100,2015,100,"KG",NA,NA,NA,NA,NA,NA,NA,NA,NA,NA,"TPM+AQ","DAT XAM DEN","DOC VUA","CO NUOC",15,25,2,2,40,4,36,"TPM+AQ",NA,NA,NA,NA,NA,NA,NA,NA,NA,NA,NA,NA,NA,NA,NA,NA,NA,NA,NA,NA,NA
2,9,1.9,"SAO DEN","LN",55,"CAY",1997,NA,NA,"TRAM",1000,1997,NA,NA,"CHUOI","RMTP",500,NA,1980,1,"TAN","TIEU",100,1980,5,"KG",NA,NA,NA,NA,NA,NA,NA,NA,NA,NA,NA,NA,NA,NA,NA,NA,NA,NA,NA,NA,NA,"DAT CAT PHA","DOC VUA","CO NUOC",0,130,0,25,130,25,105,"LN+RMTP",1.5,"TRE",300,1990,1,"TAN","DAU",150,1980,1,"TAN","SAU RIENG",200,1980,NA,NA,"BO",30,1980,300,"KG"
2,6,10,"GIANG HUONG","LN",1000,"CAY",1993,NA,NA,"KEO",1000,1993,NA,NA,NA,NA,NA,NA,NA,NA,NA,NA,NA,NA,NA,NA,NA,NA,NA,NA,NA,NA,NA,NA,NA,NA,NA,NA,NA,NA,NA,NA,NA,NA,NA,NA,NA,"DAT LAN DA","DOC CAO","THIEU NUOC",115,15,35,10,130,45,85,"LN",0.5,"TRE",100,1989,3,"TAN","XOAI",NA,1989,3.5,"TAN",NA,NA,NA,NA,NA,NA,NA,NA,NA,NA
1,5,1.5,"TRE (MANG)","TP(M)",200,"BUI",1988,8,"TAN",NA,NA,NA,NA,NA,"DAU DA","AQ",100,NA,2009,8.5,"TAN","BO",20,2009,1,"TAN","SAU RIENG",40,2009,200,"KG","MANG CAU",100,2000,200,"KG",NA,NA,NA,NA,NA,NA,NA,NA,NA,NA,"TPM+AQ","DAT CAT PHA","DOC IT","CO NUOC",130,80,45,5.5,210,50.5,159.5,"TPM+AQ",NA,NA,NA,NA,NA,NA,NA,NA,NA,NA,NA,NA,NA,NA,NA,NA,NA,NA,NA,NA,NA
1,1,0.4,"TRE (MANG)","TP(M)",450,"BUI",1999,NA,NA,NA,NA,NA,NA,NA,NA,NA,NA,NA,NA,NA,NA,NA,NA,NA,NA,NA,NA,NA,NA,NA,NA,NA,NA,NA,NA,NA,NA,NA,NA,NA,NA,NA,NA,NA,NA,NA,NA,NA,"DOC IT","THIEU NUOC",20,NA,7,NA,20,7,13,"TPM+RM",NA,NA,NA,NA,NA,NA,NA,NA,NA,NA,NA,NA,NA,NA,NA,NA,NA,NA,NA,NA,NA
1,4,1,"TRE (MANG)","TP(M)",200,"BUI",2000,2,"TAN",NA,NA,NA,NA,NA,"DAU DA","AQ",100,NA,2000,300,"KG","SAU RIENG",50,2000,300,"KG","BO",50,2000,200,"KG",NA,NA,NA,NA,NA,NA,NA,NA,NA,NA,NA,NA,NA,NA,NA,"TPM+AQ","DAT XAM DEN","DOC CAO","CO NUOC",15,17,3,5,32,8,24,"TPM+AQ",NA,NA,NA,NA,NA,NA,NA,NA,NA,NA,NA,NA,NA,NA,NA,NA,NA,NA,NA,NA,NA
1,2,0.5,"TRE (MANG)","TP(M)",60,"BUI",2008,2,"TAN",NA,NA,NA,NA,NA,"BO","AQ",50,NA,2008,1,"TAN",NA,NA,NA,NA,NA,NA,NA,NA,NA,NA,NA,NA,NA,NA,NA,NA,NA,NA,NA,NA,NA,NA,NA,NA,NA,"TPM+AQ","DAT LAN DA","DOC VUA","THIEU NUOC",10,10,0.3,0.5,20,0.8,19.2,"TPM+AQ",NA,NA,NA,NA,NA,NA,NA,NA,NA,NA,NA,NA,NA,NA,NA,NA,NA,NA,NA,NA,NA
1,4,1.5,"TRE (MANG)","TP(M)",70,"BUI",2003,1.5,"TAN",NA,NA,NA,NA,NA,"CAM QUYT","AQCM",40,NA,2015,NA,NA,"BO",30,2012,500,"KG","SU SU",40,2019,500,"KG",NA,NA,NA,NA,NA,NA,NA,NA,NA,NA,NA,NA,NA,NA,NA,"TPM+AQ","DAT LAN DA","DOC VUA","THIEU NUOC",18,32.5,0.5,1.5,50.5,2,48.5,"TPM+AQ",NA,NA,NA,NA,NA,NA,NA,NA,NA,NA,NA,NA,NA,NA,NA,NA,NA,NA,NA,NA,NA
1,2,2,"TRE (MANG)","TP(M)",230,"BUI",1999,2,"TAN",NA,NA,NA,NA,NA,"DAU DA","AQ",500,NA,1999,7,"TAN",NA,NA,NA,NA,NA,NA,NA,NA,NA,NA,NA,NA,NA,NA,NA,NA,NA,NA,NA,NA,NA,NA,NA,NA,NA,"TPM+AQ","DAT LAN DA","DOC VUA","THIEU NUOC",65,45,25,15,110,40,70,"TPM+AQ",NA,NA,NA,NA,NA,NA,NA,NA,NA,NA,NA,NA,NA,NA,NA,NA,NA,NA,NA,NA,NA
1,2,2,"TRE (MANG)","TP(M)",500,"BUI",2009,15,"TAN",NA,NA,NA,NA,NA,"BO","AQ",30,NA,2016,NA,NA,NA,NA,NA,NA,NA,NA,NA,NA,NA,NA,NA,NA,NA,NA,NA,NA,NA,NA,NA,NA,NA,NA,NA,NA,NA,"TPM+AQ",NA,"DOC VUA","THIEU NUOC",60,15,10,NA,75,10,65,"TPM+AQ",NA,NA,NA,NA,NA,NA,NA,NA,NA,NA,NA,NA,NA,NA,NA,NA,NA,NA,NA,NA,NA
1,5,0.576,"TRE (MANG)","TP(M)",120,"BUI",1985,2,"TAN",NA,NA,NA,NA,NA,"CAM QUYT","AQCM",500,NA,2014,NA,NA,"MANG CAU",50,2014,500,"KG","SAU RIENG",50,2014,1,"TAN","DUA",50,2018,NA,NA,NA,NA,NA,NA,NA,NA,NA,NA,NA,NA,"TPM+AQ","DAT LAN DA","DOC VUA","THIEU NUOC",50,100,4,30,150,34,116,"TPM+AQ",NA,NA,NA,NA,NA,NA,NA,NA,NA,NA,NA,NA,NA,NA,NA,NA,NA,NA,NA,NA,NA
1,5,1,"TRE (MANG)","TP(M)",100,"BUI",2004,7,"TAN",NA,NA,NA,NA,NA,"BO","AQ",60,NA,2008,2,"TAN","SAU RIENG",20,2008,1,"TAN","TIEU",100,2008,150,"KG","QUYT",200,2014,NA,NA,NA,NA,NA,NA,NA,NA,NA,NA,NA,NA,"TPM+AQ","DAT LAN DA","DOC VUA","CO NUOC",40,30,0,1.5,70,1.5,68.5,"TPM+AQ",NA,NA,NA,NA,NA,NA,NA,NA,NA,NA,NA,NA,NA,NA,NA,NA,NA,NA,NA,NA,NA
1,5,0.7,"TRE (MANG)","TP(M)",50,"BUI",NA,2,"TAN",NA,NA,NA,NA,NA,"CHUOI","RMTP",30,NA,NA,NA,NA,"BO",20,2003,100,"KG","SAU RIENG",5,2001,NA,NA,"XOAI",60,2004,NA,NA,NA,NA,NA,NA,NA,NA,NA,NA,NA,NA,NA,"DAT XAM DEN","DOC VUA","THIEU NUOC",16,1.5,2,1,17.5,3,14.5,"TPM+RM",NA,NA,NA,NA,NA,NA,NA,NA,NA,NA,NA,NA,NA,NA,NA,NA,NA,NA,NA,NA,NA
1,5,1.1,"TRE (MANG)","TP(M)",50,"BUI",1989,4,"TAN",NA,NA,NA,NA,NA,"SAU RIENG","AQ",20,NA,1999,180,"KG","BO",20,2014,50,"KG","MIT",50,2018,NA,NA,"SAU RIENG KHONG HAT",100,2016,NA,NA,NA,NA,NA,NA,NA,NA,NA,NA,NA,NA,"TPM+AQ","DAT LAN DA","DOC VUA","THIEU NUOC",30,5,15,2.5,35,17.5,17.5,"TPM+AQ",NA,NA,NA,NA,NA,NA,NA,NA,NA,NA,NA,NA,NA,NA,NA,NA,NA,NA,NA,NA,NA
1,6,2,"TRE (MANG)","TP(M)",200,"BUI",2009,12,"TAN",NA,NA,NA,NA,NA,"CAM QUYT","AQ",2000,NA,2015,7,"TAN","BUOI",80,2015,NA,NA,"CAM, QUYT",100,2016,NA,NA,"BO",NA,NA,NA,NA,"SAU RIENG",NA,NA,NA,NA,NA,NA,NA,NA,NA,"TPM+AQ","DAT LAN DA","DOC VUA","THIEU NUOC",150,100,40,70,250,110,140,"TPM+AQ",NA,NA,NA,NA,NA,NA,NA,NA,NA,NA,NA,NA,NA,NA,NA,NA,NA,NA,NA,NA,NA
1,3,1.152,"TRE (MANG)","TP(M)",600,"BUI",1985,1.5,"TAN",NA,NA,NA,NA,NA,"DAU DA","AQ",400,NA,1995,2.5,"TAN","SAU RIENG",15,1995,300,"KG",NA,NA,NA,NA,NA,NA,NA,NA,NA,NA,NA,NA,NA,NA,NA,NA,NA,NA,NA,NA,"TPM+AQ","DAT XAM DEN",NA,"THIEU NUOC",15,15,5,5,30,10,20,"TPM+AQ",NA,NA,NA,NA,NA,NA,NA,NA,NA,NA,NA,NA,NA,NA,NA,NA,NA,NA,NA,NA,NA
1,2,0.7,"CAM, QUYT","AQCM",400,"CAY",1999,15,"TAN",NA,NA,NA,NA,NA,"TRE (MANG)","TPM",20,NA,1999,150,"KG",NA,NA,NA,NA,NA,NA,NA,NA,NA,NA,NA,NA,NA,NA,NA,NA,NA,NA,NA,NA,NA,NA,NA,NA,NA,"TPM+AQ","DAT LAN DA","DOC VUA","CO NUOC",235,5,135,NA,240,135,105,"TPM+AQ",NA,NA,NA,NA,NA,NA,NA,NA,NA,NA,NA,NA,NA,NA,NA,NA,NA,NA,NA,NA,NA
2,5,1.1,"TRE (MANG)","TP(M)",NA,NA,1980,2,"TAN",NA,NA,NA,NA,NA,"DAU DA","AQ",150,NA,1980,2.5,"TAN","SAU RIENG",70,1983,300,"KG","BO",NA,2019,NA,NA,"DUA",NA,2010,NA,NA,NA,NA,NA,NA,NA,NA,NA,NA,NA,NA,"TPM+AQ",NA,"DOC IT","THIEU NUOC",20,30,5,NA,50,5,45,"TPM+AQ",4,"TRE (MANG)",NA,1980,8,"TAN","DAU",NA,1980,NA,NA,"SAU RIENG",NA,1985,NA,NA,"DUA",NA,2010,NA,NA
1,3,1.7,"TRE (MANG)","TP(M)",150,"BUI",1989,4.5,"TAN",NA,NA,NA,NA,NA,"DAU DA","AQ",800,NA,1999,16,"TAN","BO",100,2004,3,"TAN",NA,NA,NA,NA,NA,NA,NA,NA,NA,NA,NA,NA,NA,NA,NA,NA,NA,NA,NA,NA,"TPM+AQ","DAT CAT PHA","DOC VUA","CO NUOC",30,205,5,15,235,20,215,"TPM+AQ",NA,NA,NA,NA,NA,NA,NA,NA,NA,NA,NA,NA,NA,NA,NA,NA,NA,NA,NA,NA,NA
1,7,1.8,"TRE (MANG)","TP(M)",80,"BUI",2000,2,"TAN",NA,NA,NA,NA,NA,"SU SU","RMTP",NA,NA,NA,1,"TAN","DUA",65,1990,NA,NA,"BO",6,2010,800,"KG","SAU RIENG",8,1990,300,"KG","BUOI",300,2018,NA,NA,"OI",120,2018,NA,NA,NA,NA,"DOC VUA","THIEU NUOC",30,100,NA,43,130,43,87,"TPM+RM",NA,NA,NA,NA,NA,NA,NA,NA,NA,NA,NA,NA,NA,NA,NA,NA,NA,NA,NA,NA,NA
1,7,0.9,"TRE (MANG)","TP(M)",300,"BUI",1994,2,"TAN",NA,NA,NA,NA,NA,"SU SU","RMTP",NA,NA,NA,1,"TAN","MANG CAU",NA,2015,NA,NA,"VU SUA",NA,2015,NA,NA,"XOAI",50,2015,NA,NA,"DAU",50,2015,NA,NA,NA,NA,NA,NA,NA,NA,"DAT LAN DA",NA,"THIEU NUOC",8,5,1.7,1.7,13,3.4,9.6,"TPM+RM",NA,NA,NA,NA,NA,NA,NA,NA,NA,NA,NA,NA,NA,NA,NA,NA,NA,NA,NA,NA,NA
1,3,0.8,"TRE (MANG)","TP(M)",500,"BUI",2014,300,"KG",NA,NA,NA,NA,NA,"CAM QUYT","AQ",350,NA,2014,NA,NA,"BO",50,2014,100,"KG",NA,NA,NA,NA,NA,NA,NA,NA,NA,NA,NA,NA,NA,NA,NA,NA,NA,NA,NA,NA,"TPM+AQ","DAT XAM DEN","DOC CAO","CO NUOC",15,5,5,5,20,10,10,"TPM+AQ",NA,NA,NA,NA,NA,NA,NA,NA,NA,NA,NA,NA,NA,NA,NA,NA,NA,NA,NA,NA,NA
1,2,1.2,"TRE (MANG)","TP(M)",350,"BUI",1977,2,"TAN",NA,NA,NA,NA,NA,"DUA","AQ",20,NA,1977,300,"TRAI",NA,NA,NA,NA,NA,NA,NA,NA,NA,NA,NA,NA,NA,NA,NA,NA,NA,NA,NA,NA,NA,NA,NA,NA,NA,"TPM+AQ","DAT XAM DEN","DOC CAO","THIEU NUOC",10,4,2,NA,14,2,12,"TPM+AQ",NA,NA,NA,NA,NA,NA,NA,NA,NA,NA,NA,NA,NA,NA,NA,NA,NA,NA,NA,NA,NA
1,5,1,"TRE (MANG)","TP(M)",100,"BUI",1980,4,"TAN",NA,NA,NA,NA,NA,"MANG CUT","AQ",17,NA,2000,NA,NA,"CAM, QUYT",6,2016,NA,NA,"SAU RIENG",7,NA,60,"KG","DAU",40,2011,700,"KG",NA,NA,NA,NA,NA,NA,NA,NA,NA,NA,"TPM+AQ","DAT XAM DEN","DOC VUA","THIEU NUOC",20,6,1.5,1.5,26,3,23,"TPM+AQ",NA,NA,NA,NA,NA,NA,NA,NA,NA,NA,NA,NA,NA,NA,NA,NA,NA,NA,NA,NA,NA
1,4,0.8,"TRE (MANG)","TP(M)",50,"BUI",2000,1.5,"TAN",NA,NA,NA,NA,NA,"BO","AQ",10,NA,2013,NA,NA,"SAU RIENG",10,2013,NA,NA,"XOAI",10,2009,NA,NA,NA,NA,NA,NA,NA,NA,NA,NA,NA,NA,NA,NA,NA,NA,NA,"TPM+AQ",NA,"DOC IT","CO NUOC",20,5,5,NA,25,5,20,"TPM+AQ",NA,NA,NA,NA,NA,NA,NA,NA,NA,NA,NA,NA,NA,NA,NA,NA,NA,NA,NA,NA,NA
1,5,2.25,"TRE (MANG)","TP(M)",300,"BUI",2000,5,"TAN",NA,NA,NA,NA,NA,"BO","AQ",150,NA,1984,2,"TAN","CAM, QUYT",200,2014,250,"KG","MANG CAU",100,NA,200,"KG","SAU RIENG",30,2000,200,"KG",NA,NA,NA,NA,NA,NA,NA,NA,NA,NA,"TPM+AQ","DAT CAT PHA",NA,"THIEU NUOC",40,66,5,15,106,20,86,"TPM+AQ",NA,NA,NA,NA,NA,NA,NA,NA,NA,NA,NA,NA,NA,NA,NA,NA,NA,NA,NA,NA,NA
1,2,0.3,"TRE (MANG)","TP(M)",30,"BUI",1999,1.2,"TAN",NA,NA,NA,NA,NA,"DAU DA","AQ",30,NA,2011,800,"KG",NA,NA,NA,NA,NA,NA,NA,NA,NA,NA,NA,NA,NA,NA,NA,NA,NA,NA,NA,NA,NA,NA,NA,NA,NA,"TPM+AQ","DAT LAN DA","DOC VUA","THIEU NUOC",6,9,0.75,0.75,15,1.5,13.5,"TPM+AQ",NA,NA,NA,NA,NA,NA,NA,NA,NA,NA,NA,NA,NA,NA,NA,NA,NA,NA,NA,NA,NA
1,4,1,"TRE (MANG)","TP(M)",100,"BUI",2000,4,"TAN",NA,NA,NA,NA,NA,"DAU DA","AQ",30,NA,2010,350,"KG","BO",13,2008,300,"KG","SAU RIENG",10,2005,500,"KG",NA,NA,NA,NA,NA,NA,NA,NA,NA,NA,NA,NA,NA,NA,NA,"TPM+AQ","DAT LAN DA","DOC CAO","THIEU NUOC",80,40,20,2,120,22,98,"TPM+AQ",NA,NA,NA,NA,NA,NA,NA,NA,NA,NA,NA,NA,NA,NA,NA,NA,NA,NA,NA,NA,NA
1,6,0.8,"TRE (MANG)","TP(M)",100,"BUI",1999,6,"TAN",NA,NA,NA,NA,NA,"BO","AQ",50,NA,2010,1,"TAN","CAM, QUYT",200,2016,NA,NA,"BUOI",50,2017,NA,NA,"DUA",40,2017,NA,NA,"DAU",150,2013,1,"TAN",NA,NA,NA,NA,NA,"TPM+AQ","DAT LAN DA","DOC CAO","THIEU NUOC",35,20,8,8,55,16,39,"TPM+AQ",NA,NA,NA,NA,NA,NA,NA,NA,NA,NA,NA,NA,NA,NA,NA,NA,NA,NA,NA,NA,NA
1,3,0.5,"TRE (MANG)","TP(M)",40,"BUI",2000,2,"TAN",NA,NA,NA,NA,NA,"DAU DA","AQ",NA,NA,2010,2,"TAN","SAPOCHE",2,2010,100,"KG",NA,NA,NA,NA,NA,NA,NA,NA,NA,NA,NA,NA,NA,NA,NA,NA,NA,NA,NA,NA,"TPM+AQ",NA,"DOC VUA","THIEU NUOC",10,20,NA,1.5,30,1.5,28.5,"TPM+AQ",NA,NA,NA,NA,NA,NA,NA,NA,NA,NA,NA,NA,NA,NA,NA,NA,NA,NA,NA,NA,NA
1,4,1.17,"TRE (MANG)","TP(M)",100,"BUI",1995,450,"KG",NA,NA,NA,NA,NA,"SAU RIENG","AQ",5,NA,2000,50,"KG","DUA",4,1995,400,"TRAI","BO",5,2000,100,"KG",NA,NA,NA,NA,NA,NA,NA,NA,NA,NA,NA,NA,NA,NA,NA,"TPM+AQ","DAT XAM DEN","DOC VUA","CO NUOC",14,6,1,1,20,2,18,"TPM+AQ",NA,NA,NA,NA,NA,NA,NA,NA,NA,NA,NA,NA,NA,NA,NA,NA,NA,NA,NA,NA,NA
1,9,2.2,"TRE (MANG)","TP(M)",220,"BUI",1985,5,"TAN",NA,NA,NA,NA,NA,"MIT","AQ",30,NA,2001,NA,NA,"BO",30,1989,NA,NA,"DAU DA",30,1989,NA,NA,"CHUOI",100,2009,NA,NA,"TIEU",30,2009,NA,NA,"DUA",15,1989,NA,NA,"TPM+AQ","DAT XAM DEN","DOC VUA","THIEU NUOC",105,25,50,5,130,55,75,"TPM+AQ",NA,NA,NA,NA,NA,NA,NA,NA,NA,NA,NA,NA,NA,NA,NA,NA,NA,NA,NA,NA,NA
1,2,1,"TRE (MANG)","TP(M)",100,"BUI",1999,4,"TAN",NA,NA,NA,NA,NA,"CAM QUYT","AQCM",200,NA,2013,10,"TAN",NA,NA,NA,NA,NA,NA,NA,NA,NA,NA,NA,NA,NA,NA,NA,NA,NA,NA,NA,NA,NA,NA,NA,NA,NA,"TPM+AQ","DAT LAN DA","DOC CAO","THIEU NUOC",15,70,4.5,9,85,13.5,71.5,"TPM+AQ",NA,NA,NA,NA,NA,NA,NA,NA,NA,NA,NA,NA,NA,NA,NA,NA,NA,NA,NA,NA,NA
1,3,0.5,"TRE (MANG)","TP(M)",40,"BUI",1989,3,"TAN",NA,NA,NA,NA,NA,"BO","AQ",6,NA,2010,200,"KG","DAU DA",30,2009,3,"TAN",NA,NA,NA,NA,NA,NA,NA,NA,NA,NA,NA,NA,NA,NA,NA,NA,NA,NA,NA,NA,"TPM+AQ","DAT LAN DA","DOC VUA","THIEU NUOC",45,15,10,1,60,11,49,"TPM+AQ",NA,NA,NA,NA,NA,NA,NA,NA,NA,NA,NA,NA,NA,NA,NA,NA,NA,NA,NA,NA,NA
1,2,0.88,"SAO DEN","LN",21,"CAY",1998,NA,NA,NA,NA,NA,NA,NA,"XOAI","AQ",60,"CAY",1998,2.5,NA,NA,NA,NA,NA,NA,NA,NA,NA,NA,NA,NA,NA,NA,NA,NA,NA,NA,NA,NA,NA,NA,NA,NA,NA,NA,"LN+AQ",NA,NA,"THIEU NUOC",NA,15,1,5,15,6,9,"LN+AQ",NA,NA,NA,NA,NA,NA,NA,NA,NA,NA,NA,NA,NA,NA,NA,NA,NA,NA,NA,NA,NA
1,1,0.8,"XOAI","AQ",50,"CAY",1970,0.8,"TAN",NA,NA,NA,NA,NA,"NGHE","RMTP",NA,"BUI",2015,0.3,NA,NA,NA,NA,NA,NA,NA,NA,NA,NA,NA,NA,NA,NA,NA,NA,NA,NA,NA,NA,NA,NA,NA,NA,NA,NA,"AQ+RMTP","DAT CAT PHA",NA,"THIEU NUOC",35,18,45,NA,53,45,8,"AQ+RMTP",NA,NA,NA,NA,NA,NA,NA,NA,NA,NA,NA,NA,NA,NA,NA,NA,NA,NA,NA,NA,NA
1,2,1,"XOAI","AQ",85,"CAY",1989,1.5,"TAN",NA,NA,NA,NA,NA,"BUOI","AQ",37,"CAY",2002,1.5,NA,NA,NA,NA,NA,NA,NA,NA,NA,NA,NA,NA,NA,NA,NA,NA,NA,NA,NA,NA,NA,NA,NA,NA,NA,NA,"AQ",NA,NA,"CO NUOC",35,10,12,1.2,45,13.2,31.8,"AQ",NA,NA,NA,NA,NA,NA,NA,NA,NA,NA,NA,NA,NA,NA,NA,NA,NA,NA,NA,NA,NA
1,2,1.2,"XOAI","AQ",500,"CAY",2016,NA,NA,NA,NA,NA,NA,NA,"NGHE","RMTP",NA,"BUI",2017,1,NA,NA,NA,NA,NA,NA,NA,NA,NA,NA,NA,NA,NA,NA,NA,NA,NA,NA,NA,NA,NA,NA,NA,NA,NA,NA,"AQ+RMTP","DAT XAM DEN","DOC CAO","THIEU NUOC",NA,5,15,2,5,17,-12,"AQ+RMTP",NA,NA,NA,NA,NA,NA,NA,NA,NA,NA,NA,NA,NA,NA,NA,NA,NA,NA,NA,NA,NA
2,5,1,"XOAI","AQ",30,"CAY",1995,2,"TAN",NA,NA,NA,NA,NA,"CHUOI","RMTP",1000,"BUI",1995,1.8,NA,NA,NA,NA,NA,NA,NA,NA,NA,NA,NA,NA,NA,NA,NA,NA,NA,NA,NA,NA,NA,NA,NA,NA,NA,NA,"AQ+RMTP",NA,NA,"CO NUOC",90,80,70,10,170,80,90,"AQ+RMTP",2,"TRAM",NA,150,NA,"1995",NA,NA,1200,2009,"1000 CAY",NA,NA,NA,NA,NA,NA,NA,NA,NA,NA
2,4,0.5,"XOAI","AQ",150,"CAY",2004,2,"TAN",NA,NA,NA,NA,NA,NA,NA,NA,NA,NA,NA,NA,NA,NA,NA,NA,NA,NA,NA,NA,NA,NA,NA,NA,NA,NA,NA,NA,NA,NA,NA,NA,NA,NA,NA,NA,NA,"AQ","DAT CAT PHA","DOC VUA","THIEU NUOC",45,NA,35,NA,45,35,10,"AQ",0.5,"XOAI DAI LOAN",NA,150,NA,"2000",NA,NA,200,2003,NA,NA,NA,NA,NA,NA,NA,NA,NA,NA,NA
1,2,1,"XOAI","AQ",200,"CAY",1993,2,"TAN",NA,NA,NA,NA,NA,"NGHE","RMTP",NA,NA,2015,0.5,NA,NA,NA,NA,NA,NA,NA,NA,NA,NA,NA,NA,NA,NA,NA,NA,NA,NA,NA,NA,NA,NA,NA,NA,NA,NA,"AQ+RMTP","DAT XAM DEN","DOC VUA","THIEU NUOC",20,3,10,3,23,13,10,"AQ+RMTP",NA,NA,NA,NA,NA,NA,NA,NA,NA,NA,NA,NA,NA,NA,NA,NA,NA,NA,NA,NA,NA
1,2,1.5,"SAO DEN","LN",300,"CAY",1998,NA,NA,NA,NA,NA,NA,NA,"TAM VONG","NVL",8000,"BUI",1998,200,"CAY",NA,NA,NA,NA,NA,NA,NA,NA,NA,NA,NA,NA,NA,NA,NA,NA,NA,NA,NA,NA,NA,NA,NA,NA,NA,"AQ+VL+DL","DAT XAM DEN","DOC VUA","THIEU NUOC",NA,4,NA,1,4,1,3,"AQ+VL+DL",NA,NA,NA,NA,NA,NA,NA,NA,NA,NA,NA,NA,NA,NA,NA,NA,NA,NA,NA,NA,NA
1,2,2,"DIEU","AQ",300,"CAY",1989,1.5,"TAN",NA,NA,NA,NA,NA,"SAO DEN","LN",40,"CAY",1997,NA,NA,NA,NA,NA,NA,NA,NA,NA,NA,NA,NA,NA,NA,NA,NA,NA,NA,NA,NA,NA,NA,NA,NA,NA,NA,NA,"LN+AQ",NA,NA,"THIEU NUOC",37,NA,2,NA,37,2,35,"LN+AQ",NA,NA,NA,NA,NA,NA,NA,NA,NA,NA,NA,NA,NA,NA,NA,NA,NA,NA,NA,NA,NA
2,2,0.8,"XOAI","AQ",350,"CAY",2009,0.65,"TAN",NA,NA,NA,NA,NA,NA,NA,NA,NA,NA,NA,NA,NA,NA,NA,NA,NA,NA,NA,NA,NA,NA,NA,NA,NA,NA,NA,NA,NA,NA,NA,NA,NA,NA,NA,NA,NA,"AQ","DAT CAT PHA",NA,"THIEU NUOC",55,NA,30,NA,55,30,25,"AQ",0.2,"XOAI THANH CA",NA,10,NA,"1979",NA,NA,NA,NA,NA,NA,NA,NA,NA,NA,NA,NA,NA,NA,NA
1,1,1,"XOAI","AQ",400,"CAY",1979,1,"TAN",NA,NA,NA,NA,NA,NA,NA,NA,NA,NA,NA,NA,NA,NA,NA,NA,NA,NA,NA,NA,NA,NA,NA,NA,NA,NA,NA,NA,NA,NA,NA,NA,NA,NA,NA,NA,NA,"AQ","DAT XAM DEN","DOC VUA","THIEU NUOC",30,NA,25,NA,30,25,5,"AQ",NA,NA,NA,NA,NA,NA,NA,NA,NA,NA,NA,NA,NA,NA,NA,NA,NA,NA,NA,NA,NA
2,2,0.5,"XOAI","AQ",100,"CAY",1990,0.7,"TAN",NA,NA,NA,NA,NA,NA,NA,NA,NA,NA,NA,NA,NA,NA,NA,NA,NA,NA,NA,NA,NA,NA,NA,NA,NA,NA,NA,NA,NA,NA,NA,NA,NA,NA,NA,NA,NA,"AQ","DAT XAM DEN","DOC VUA","THIEU NUOC",20,NA,18,NA,20,18,2,"AQ",0.5,"XOAI DAI LOAN",NA,100,NA,"1993",NA,NA,NA,NA,NA,NA,NA,NA,NA,NA,NA,NA,NA,NA,NA
2,6,0.3,"SAO DEN","LN",NA,"CAY",1994,NA,NA,NA,NA,NA,NA,NA,"BUOI","AQ",200,"CAY",2017,NA,NA,NA,NA,NA,NA,NA,NA,NA,NA,NA,NA,NA,NA,NA,NA,NA,NA,NA,NA,NA,NA,NA,NA,NA,NA,NA,"LN+AQ",NA,NA,"THIEU NUOC",NA,NA,NA,NA,NA,NA,NA,"LN+AQ",0.2,"SAO",NA,NA,NA,"1994",NA,NA,700,NA,"2000 NAI",NA,NA,NA,NA,NA,NA,NA,NA,NA,NA
1,2,1.33,"SAO DEN","LN",40,"CAY",1998,NA,NA,NA,NA,NA,NA,NA,"TAM VONG","NVL",2100,"BUI",1989,1000,"CAY",NA,NA,NA,NA,NA,NA,NA,NA,NA,NA,NA,NA,NA,NA,NA,NA,NA,NA,NA,NA,NA,NA,NA,NA,NA,"AQ+VL+DL","DAT CAT PHA",NA,"CO NUOC",NA,12,NA,2,12,2,10,"AQ+VL+DL",NA,NA,NA,NA,NA,NA,NA,NA,NA,NA,NA,NA,NA,NA,NA,NA,NA,NA,NA,NA,NA
2,4,1.4,"MIT","AQ",20,"CAY",NA,1,"TAN",NA,NA,NA,NA,NA,"NGHE","RMTP",NA,NA,2015,1,"TAN",NA,NA,NA,NA,NA,NA,NA,NA,NA,NA,NA,NA,NA,NA,NA,NA,NA,NA,NA,NA,NA,NA,NA,NA,NA,"AQ+RMTP","DAT CAT PHA",NA,"CO NUOC",60,10,17,2,70,19,51,"AQ+RMTP",1.3,"VU SUA",NA,20,NA,"2015",NA,NA,NA,2015,"0.5",NA,NA,NA,NA,NA,NA,NA,NA,NA,NA
1,2,1,"MIT","AQ",50,"CAY",2009,NA,NA,NA,NA,NA,NA,NA,"TAM VONG","NVL",1500,"BUI",2000,500,"CAY",NA,NA,NA,NA,NA,NA,NA,NA,NA,NA,NA,NA,NA,NA,NA,NA,NA,NA,NA,NA,NA,NA,NA,NA,NA,"AQ+VL+DL","DAT XAM DEN","DOC VUA","THIEU NUOC",NA,6,NA,1.5,6,1.5,4.5,"AQ+VL+DL",NA,NA,NA,NA,NA,NA,NA,NA,NA,NA,NA,NA,NA,NA,NA,NA,NA,NA,NA,NA,NA
1,1,0.3,"TAM VONG","NVL",6000,"BUI",1989,500,"CAY",NA,NA,NA,NA,NA,NA,NA,NA,NA,NA,NA,NA,NA,NA,NA,NA,NA,NA,NA,NA,NA,NA,NA,NA,NA,NA,NA,NA,NA,NA,NA,NA,NA,NA,NA,NA,NA,NA,"DAT XAM DEN","DOC CAO","THIEU NUOC",5,NA,2,NA,5,2,3,"NVL+KHAC",NA,NA,NA,NA,NA,NA,NA,NA,NA,NA,NA,NA,NA,NA,NA,NA,NA,NA,NA,NA,NA
1,1,1,"XOAI","AQ",15,"CAY",1984,NA,NA,NA,NA,NA,NA,NA,NA,NA,NA,NA,NA,NA,NA,NA,NA,NA,NA,NA,NA,NA,NA,NA,NA,NA,NA,NA,NA,NA,NA,NA,NA,NA,NA,NA,NA,NA,NA,NA,"AQ",NA,NA,NA,NA,NA,NA,NA,NA,NA,NA,"AQ",NA,NA,NA,NA,NA,NA,NA,NA,NA,NA,NA,NA,NA,NA,NA,NA,NA,NA,NA,NA,NA
1,2,3.6,"BUOI","AQCM",1000,"CAY",2009,1.5,"TAN",NA,NA,NA,NA,NA,"XOAI","AQ",150,"CAY",2009,3,"TAN",NA,NA,NA,NA,NA,NA,NA,NA,NA,NA,NA,NA,NA,NA,NA,NA,NA,NA,NA,NA,NA,NA,NA,NA,NA,"AQ","DAT CAT PHA","DOC VUA","CO NUOC",NA,NA,NA,NA,NA,NA,NA,"AQ",NA,NA,NA,NA,NA,NA,NA,NA,NA,NA,NA,NA,NA,NA,NA,NA,NA,NA,NA,NA,NA
2,4,0.8,"TAM VONG","NVL",2000,"CAY",1984,150,"CAY",NA,NA,NA,NA,NA,"CHUOI","RMTP",100,"BUI",2016,0.24,"TAN",NA,NA,NA,NA,NA,NA,NA,NA,NA,NA,NA,NA,NA,NA,NA,NA,NA,NA,NA,NA,NA,NA,NA,NA,NA,NA,NA,NA,"THIEU NUOC",13,10,3,NA,23,3,20,"NVL+KHAC",0.2,"TAM VONG",NA,800,NA,"1984",NA,NA,NA,2017,NA,NA,NA,NA,NA,NA,NA,NA,NA,NA,NA
1,2,0.6,"SAU RIENG","AQ",50,"CAY",2009,0.4,"TAN",NA,NA,NA,NA,NA,"BO","AQ",40,"CAY",2018,NA,NA,NA,NA,NA,NA,NA,NA,NA,NA,NA,NA,NA,NA,NA,NA,NA,NA,NA,NA,NA,NA,NA,NA,NA,NA,NA,"AQ",NA,NA,"CO NUOC",15,NA,3,1,15,4,11,"AQ",NA,NA,NA,NA,NA,NA,NA,NA,NA,NA,NA,NA,NA,NA,NA,NA,NA,NA,NA,NA,NA
1,2,4,"GO DO","LN",6000,"CAY",1996,1300,"CAY",NA,NA,NA,NA,NA,"MIT","AQ",500,"CAY",1996,NA,NA,NA,NA,NA,NA,NA,NA,NA,NA,NA,NA,NA,NA,NA,NA,NA,NA,NA,NA,NA,NA,NA,NA,NA,NA,NA,"LN+AQ","DAT XAM DEN",NA,"THIEU NUOC",220,NA,40,NA,220,40,180,"LN+AQ",NA,NA,NA,NA,NA,NA,NA,NA,NA,NA,NA,NA,NA,NA,NA,NA,NA,NA,NA,NA,NA
2,6,1.8,"MIT","AQ",45,"CAY",1945,2,"TAN",NA,NA,NA,NA,NA,"XOAI","AQ",30,"CAY",1945,1.5,"TAN",NA,NA,NA,NA,NA,NA,NA,NA,NA,NA,NA,NA,NA,NA,NA,NA,NA,NA,NA,NA,NA,NA,NA,NA,NA,"AQ",NA,NA,NA,NA,NA,NA,NA,NA,NA,NA,"AQ",0.5,"TAM VONG",NA,10000,NA,"2000",NA,NA,40,2015,"0.3",NA,NA,NA,NA,NA,NA,NA,NA,NA,NA
1,2,3,"XOAI","AQ",400,"CAY",1998,1.1,"TAN",NA,NA,NA,NA,NA,"BUOI","AQ",500,"CAY",2016,1.4,"TAN",NA,NA,NA,NA,NA,NA,NA,NA,NA,NA,NA,NA,NA,NA,NA,NA,NA,NA,NA,NA,NA,NA,NA,NA,NA,"AQ",NA,NA,"THIEU NUOC",80,60,20,30,140,50,90,"AQ",NA,NA,NA,NA,NA,NA,NA,NA,NA,NA,NA,NA,NA,NA,NA,NA,NA,NA,NA,NA,NA
1,4,0.6,"SAO DEN","LN",90,"CAY",1990,NA,NA,NA,NA,NA,NA,NA,"XOAI","AQ",60,"CAY",1990,0.5,"TAN","CHUOI",50,1997,50,NA,"MANG CAU",30,1997,0.5,NA,NA,NA,NA,NA,NA,NA,NA,NA,NA,NA,NA,NA,NA,NA,NA,"LN+AQ","DAT XAM DEN","DOC CAO","THIEU NUOC",NA,20,NA,17,20,17,3,"LN+AQ",NA,NA,NA,NA,NA,NA,NA,NA,NA,NA,NA,NA,NA,NA,NA,NA,NA,NA,NA,NA,NA
1,2,3.4,"SAO DEN","LN",NA,NA,1997,NA,NA,NA,NA,NA,NA,NA,"BUOI","AQ",40,"CAY",2015,NA,NA,NA,NA,NA,NA,NA,NA,NA,NA,NA,NA,NA,NA,NA,NA,NA,NA,NA,NA,NA,NA,NA,NA,NA,NA,NA,"LN+AQ","DAT CAT PHA","DOC IT","THIEU NUOC",15,15,NA,30,30,30,0,"LN+AQ",NA,NA,NA,NA,NA,NA,NA,NA,NA,NA,NA,NA,NA,NA,NA,NA,NA,NA,NA,NA,NA
1,2,2.5,"GIO BAU","LN",NA,NA,2002,NA,NA,NA,NA,NA,NA,NA,"BUOI","AQ",NA,"CAY",2017,NA,NA,NA,NA,NA,NA,NA,NA,NA,NA,NA,NA,NA,NA,NA,NA,NA,NA,NA,NA,NA,NA,NA,NA,NA,NA,NA,"LN+AQ","DAT XAM DEN","DOC VUA","THIEU NUOC",NA,NA,NA,7,5,7,-2,"LN+AQ",NA,NA,NA,NA,NA,NA,NA,NA,NA,NA,NA,NA,NA,NA,NA,NA,NA,NA,NA,NA,NA
1,4,1.7,"GIO BAU","LN",NA,NA,2007,NA,NA,NA,NA,NA,NA,NA,"CAM QUYT","AQCM",NA,"CAY",2012,NA,NA,"BO",NA,2005,1.2,NA,"CAM, QUYT",NA,2012,NA,NA,NA,NA,NA,NA,NA,NA,NA,NA,NA,NA,NA,NA,NA,NA,NA,"LN+AQ","DAT XAM DEN","DOC VUA","THIEU NUOC",45,32,25,20,77,45,32,"LN+AQ",NA,NA,NA,NA,NA,NA,NA,NA,NA,NA,NA,NA,NA,NA,NA,NA,NA,NA,NA,NA,NA
1,4,3,"GIO BAU","LN",NA,NA,2014,NA,NA,NA,NA,NA,NA,NA,"BUOI","AQ",NA,"CAY",2016,NA,NA,"BO",NA,2017,0.15,NA,"CAM, QUYT",NA,NA,NA,NA,NA,NA,NA,NA,NA,NA,NA,NA,NA,NA,NA,NA,NA,NA,NA,"LN+AQ","DAT XAM DEN","DOC VUA","CO NUOC",NA,25,NA,15,25,15,10,"LN+AQ",NA,NA,NA,NA,NA,NA,NA,NA,NA,NA,NA,NA,NA,NA,NA,NA,NA,NA,NA,NA,NA
1,5,2,"GIO BAU","LN",NA,NA,2014,NA,NA,"SAO",NA,NA,2014,NA,"BUOI","AQ",NA,"CAY",2016,NA,NA,"DUA",NA,2017,NA,NA,"CAM, QUYT",NA,2017,NA,NA,NA,NA,NA,NA,NA,NA,NA,NA,NA,NA,NA,NA,NA,NA,NA,"LN+AQ","DAT CAT PHA","DOC VUA","THIEU NUOC",NA,15,NA,11,15,11,4,"LN+AQ",NA,NA,NA,NA,NA,NA,NA,NA,NA,NA,NA,NA,NA,NA,NA,NA,NA,NA,NA,NA,NA
1,3,6,"SAO DEN","LN",NA,NA,1998,NA,NA,NA,NA,NA,NA,NA,"TAM VONG","NVL",NA,"BUI",1995,NA,NA,"XOAI",92,1945,NA,NA,NA,NA,NA,NA,NA,NA,NA,NA,NA,NA,NA,NA,NA,NA,NA,NA,NA,NA,NA,NA,"AQ+VL+DL","DAT CAT PHA","DOC IT","THIEU NUOC",NA,60,NA,25,60,25,35,"AQ+VL+DL",NA,NA,NA,NA,NA,NA,NA,NA,NA,NA,NA,NA,NA,NA,NA,NA,NA,NA,NA,NA,NA
1,3,1.7,"SAO DEN","LN",NA,NA,1997,NA,NA,NA,NA,NA,NA,NA,"CAM QUYT","AQCM",NA,NA,2017,NA,NA,"BUOI",NA,2017,NA,NA,NA,NA,NA,NA,NA,NA,NA,NA,NA,NA,NA,NA,NA,NA,NA,NA,NA,NA,NA,NA,"LN+AQ","DAT XAM DEN","DOC VUA","THIEU NUOC",20,NA,NA,15,20,15,5,"LN+AQ",NA,NA,NA,NA,NA,NA,NA,NA,NA,NA,NA,NA,NA,NA,NA,NA,NA,NA,NA,NA,NA
1,2,1,"SAO DEN","LN",30,"CAY",1999,NA,NA,NA,NA,NA,NA,NA,"TAM VONG","NVL",1000,"BUI",2014,500,"CAY",NA,NA,NA,NA,NA,NA,NA,NA,NA,NA,NA,NA,NA,NA,NA,NA,NA,NA,NA,NA,NA,NA,NA,NA,NA,"AQ+VL+DL","DAT CAT PHA","DOC IT","THIEU NUOC",NA,NA,NA,NA,NA,NA,NA,"AQ+VL+DL",NA,NA,NA,NA,NA,NA,NA,NA,NA,NA,NA,NA,NA,NA,NA,NA,NA,NA,NA,NA,NA
2,2,0.2,"CAM, QUYT","AQCM",300,"CAY",2016,NA,NA,NA,NA,NA,NA,NA,NA,NA,NA,NA,NA,NA,NA,NA,NA,NA,NA,NA,NA,NA,NA,NA,NA,NA,NA,NA,NA,NA,NA,NA,NA,NA,NA,NA,NA,NA,NA,NA,"AQ",NA,NA,NA,NA,NA,NA,4.5,0,4.5,-4.5,"AQ",0.2,"QUYT",NA,300,NA,"2016",NA,NA,NA,NA,NA,NA,NA,NA,NA,NA,NA,NA,NA,NA,NA
2,1,0.6,"XOAI","AQ",200,"CAY",2012,0.35,"TAN",NA,NA,NA,NA,NA,NA,NA,NA,NA,NA,NA,NA,NA,NA,NA,NA,NA,NA,NA,NA,NA,NA,NA,NA,NA,NA,NA,NA,NA,NA,NA,NA,NA,NA,NA,NA,NA,"AQ",NA,NA,NA,10,NA,7,NA,10,7,3,"AQ",0.7,"XOAI THANH CA",NA,100,NA,"1989",NA,NA,NA,NA,NA,NA,NA,NA,NA,NA,NA,NA,NA,NA,NA
1,2,0.25,"CHUOI","RMTP",200,"BUI",2014,0.3,"TAN",NA,NA,NA,NA,NA,"XOAI","AQ",200,"CAY",2015,NA,NA,NA,NA,NA,NA,NA,NA,NA,NA,NA,NA,NA,NA,NA,NA,NA,NA,NA,NA,NA,NA,NA,NA,NA,NA,NA,"AQ+RMTP","DAT XAM DEN","DOC VUA","THIEU NUOC",NA,NA,NA,NA,NA,NA,NA,"AQ+RMTP",NA,NA,NA,NA,NA,NA,NA,NA,NA,NA,NA,NA,NA,NA,NA,NA,NA,NA,NA,NA,NA
1,2,0.2,"XOAI","AQ",10,"CAY",1989,3,"TAN",NA,NA,NA,NA,NA,"SAO DEN","LN",50,"CAY",1994,NA,NA,NA,NA,NA,NA,NA,NA,NA,NA,NA,NA,NA,NA,NA,NA,NA,NA,NA,NA,NA,NA,NA,NA,NA,NA,NA,"LN+AQ",NA,NA,NA,NA,NA,NA,NA,NA,NA,NA,"LN+AQ",NA,NA,NA,NA,NA,NA,NA,NA,NA,NA,NA,NA,NA,NA,NA,NA,NA,NA,NA,NA,NA
1,2,0.4,"GIANG HUONG","LN",50,"CAY",NA,NA,NA,NA,NA,NA,NA,NA,"XOAI","AQ",50,"CAY",1989,NA,NA,NA,NA,NA,NA,NA,NA,NA,NA,NA,NA,NA,NA,NA,NA,NA,NA,NA,NA,NA,NA,NA,NA,NA,NA,NA,"LN+AQ","DAT XAM DEN","DOC VUA","THIEU NUOC",NA,5,NA,NA,5,0,5,"LN+AQ",NA,NA,NA,NA,NA,NA,NA,NA,NA,NA,NA,NA,NA,NA,NA,NA,NA,NA,NA,NA,NA
1,3,0.2,"KEO LA TRAM","LN",NA,NA,1994,NA,NA,NA,NA,NA,NA,NA,"SAO DEN","LN",NA,"CAY",NA,NA,NA,"XOAI",NA,2016,NA,NA,NA,NA,NA,NA,NA,NA,NA,NA,NA,NA,NA,NA,NA,NA,NA,NA,NA,NA,NA,NA,NA,"DAT XAM DEN",NA,NA,10,NA,2,NA,10,2,8,"LN",NA,NA,NA,NA,NA,NA,NA,NA,NA,NA,NA,NA,NA,NA,NA,NA,NA,NA,NA,NA,NA
1,2,1,"XOAI","AQ",300,"CAY",2016,NA,NA,NA,NA,NA,NA,NA,"KHOAI LANG","RMTP",NA,NA,NA,NA,NA,NA,NA,NA,NA,NA,NA,NA,NA,NA,NA,NA,NA,NA,NA,NA,NA,NA,NA,NA,NA,NA,NA,NA,NA,NA,"AQ+RMTP","DAT CAT PHA",NA,NA,NA,NA,7,1,0,8,-8,"AQ+RMTP",NA,NA,NA,NA,NA,NA,NA,NA,NA,NA,NA,NA,NA,NA,NA,NA,NA,NA,NA,NA,NA
1,2,0.5,"KEO LA TRAM","LN",300,"CAY",NA,NA,NA,NA,NA,NA,NA,NA,"SAO DEN","AQ",100,"CAY",NA,NA,NA,NA,NA,NA,NA,NA,NA,NA,NA,NA,NA,NA,NA,NA,NA,NA,NA,NA,NA,NA,NA,NA,NA,NA,NA,NA,"LN+AQ","DAT XAM DEN","DOC VUA","THIEU NUOC",10,NA,NA,NA,10,0,10,"LN+AQ",NA,NA,NA,NA,NA,NA,NA,NA,NA,NA,NA,NA,NA,NA,NA,NA,NA,NA,NA,NA,NA
1,1,0.3,"XOAI","AQ",55,"CAY",1989,NA,NA,NA,NA,NA,NA,NA,NA,NA,NA,NA,NA,NA,NA,NA,NA,NA,NA,NA,NA,NA,NA,NA,NA,NA,NA,NA,NA,NA,NA,NA,NA,NA,NA,NA,NA,NA,NA,NA,"AQ","DAT XAM DEN","DOC VUA","THIEU NUOC",NA,NA,NA,NA,NA,NA,NA,"AQ",NA,NA,NA,NA,NA,NA,NA,NA,NA,NA,NA,NA,NA,NA,NA,NA,NA,NA,NA,NA,NA
1,2,3,"XOAI","AQ",300,"CAY",2016,NA,NA,NA,NA,NA,NA,NA,"NGHE","RMTP",NA,NA,NA,NA,NA,NA,NA,NA,NA,NA,NA,NA,NA,NA,NA,NA,NA,NA,NA,NA,NA,NA,NA,NA,NA,NA,NA,NA,NA,NA,"AQ+RMTP",NA,NA,NA,2,NA,5,6,2,11,-9,"AQ+RMTP",NA,NA,NA,NA,NA,NA,NA,NA,NA,NA,NA,NA,NA,NA,NA,NA,NA,NA,NA,NA,NA
1,2,0.5,"GIO BAU","LN",NA,"CAY",2002,NA,NA,NA,NA,NA,NA,NA,"BUOI","AQ",NA,NA,2017,NA,NA,NA,NA,NA,NA,NA,NA,NA,NA,NA,NA,NA,NA,NA,NA,NA,NA,NA,NA,NA,NA,NA,NA,NA,NA,NA,"LN+AQ",NA,"DOC VUA",NA,NA,NA,NA,NA,NA,NA,NA,"LN+AQ",NA,NA,NA,NA,NA,NA,NA,NA,NA,NA,NA,NA,NA,NA,NA,NA,NA,NA,NA,NA,NA
1,2,2,"XOAI","AQ",NA,"CAY",2018,NA,NA,NA,NA,NA,NA,NA,"MIT","AQ",NA,NA,NA,NA,NA,NA,NA,NA,NA,NA,NA,NA,NA,NA,NA,NA,NA,NA,NA,NA,NA,NA,NA,NA,NA,NA,NA,NA,NA,NA,"AQ","DAT CAT PHA","DOC VUA","THIEU NUOC",35,NA,12,NA,35,12,23,"AQ",NA,NA,NA,NA,NA,NA,NA,NA,NA,NA,NA,NA,NA,NA,NA,NA,NA,NA,NA,NA,NA
1,2,2,"BUOI","AQCM",600,"CAY",2014,NA,NA,NA,NA,NA,NA,NA,"SAU RIENG","AQ",200,"C",2014,NA,NA,NA,NA,NA,NA,NA,NA,NA,NA,NA,NA,NA,NA,NA,NA,NA,NA,NA,NA,NA,NA,NA,NA,NA,NA,NA,"AQ","DAT CAT PHA","DOC VUA","THIEU NUOC",10,NA,16,NA,10,16,-6,"AQ",NA,NA,NA,NA,NA,NA,NA,NA,NA,NA,NA,NA,NA,NA,NA,NA,NA,NA,NA,NA,NA
1,2,2.7,"XOAI","AQ",200,"CAY",1994,NA,NA,NA,NA,NA,NA,NA,"NGHE","RMTP",NA,NA,2009,NA,NA,NA,NA,NA,NA,NA,NA,NA,NA,NA,NA,NA,NA,NA,NA,NA,NA,NA,NA,NA,NA,NA,NA,NA,NA,NA,"AQ+RMTP","DAT XAM DEN","DOC CAO",NA,15,10,20,2,25,22,3,"AQ+RMTP",NA,NA,NA,NA,NA,NA,NA,NA,NA,NA,NA,NA,NA,NA,NA,NA,NA,NA,NA,NA,NA
1,2,2,"MIT","AQ",200,"CAY",2002,0.35,"TAN",NA,NA,NA,NA,NA,"NGHE","RMTP",NA,NA,2002,1,"TAN",NA,NA,NA,NA,NA,NA,NA,NA,NA,NA,NA,NA,NA,NA,NA,NA,NA,NA,NA,NA,NA,NA,NA,NA,NA,"AQ+RMTP","DAT XAM DEN","DOC VUA","THIEU NUOC",10,7,7,2,17,9,8,"AQ+RMTP",NA,NA,NA,NA,NA,NA,NA,NA,NA,NA,NA,NA,NA,NA,NA,NA,NA,NA,NA,NA,NA
1,3,1,"XOAI","AQ",30,"CAY",NA,NA,NA,NA,NA,NA,NA,NA,"NGAI BUN","DL",NA,NA,NA,NA,NA,"GIANG HUONG",NA,NA,NA,NA,NA,NA,NA,NA,NA,NA,NA,NA,NA,NA,NA,NA,NA,NA,NA,NA,NA,NA,NA,NA,"AQ+VL+DL",NA,NA,NA,NA,NA,NA,NA,NA,NA,NA,"AQ+VL+DL",NA,NA,NA,NA,NA,NA,NA,NA,NA,NA,NA,NA,NA,NA,NA,NA,NA,NA,NA,NA,NA
1,4,7,"GIO BAU","LN",2800,"CAY",NA,NA,NA,NA,NA,NA,NA,NA,"SAU RIENG","AQ",NA,NA,NA,NA,NA,"BUOI",NA,NA,NA,NA,"CAM, QUYT",NA,NA,NA,NA,NA,NA,NA,NA,NA,NA,NA,NA,NA,NA,NA,NA,NA,NA,NA,"LN+AQ","DAT XAM DEN","DOC CAO","THIEU NUOC",NA,NA,NA,NA,NA,NA,NA,"LN+AQ",NA,NA,NA,NA,NA,NA,NA,NA,NA,NA,NA,NA,NA,NA,NA,NA,NA,NA,NA,NA,NA
3,4,0.4,"XOAI","AQ",NA,NA,NA,NA,NA,NA,NA,NA,NA,NA,"XOAI","AQ",NA,NA,NA,NA,NA,NA,NA,NA,NA,NA,NA,NA,NA,NA,NA,NA,NA,NA,NA,NA,NA,NA,NA,NA,NA,NA,NA,NA,NA,NA,"AQ","DAT CAT PHA","DOC VUA","THIEU NUOC",NA,NA,NA,NA,NA,NA,NA,"AQ",0.6,"CHUOI",NA,NA,NA,NA,NA,NA,NA,NA,NA,NA,NA,NA,NA,NA,NA,NA,NA,NA,NA
1,3,1.8,"BUOI","AQCM",300,"CAY",2015,0.9,"TAN",NA,NA,NA,NA,NA,"MANG CAU","AQ",1000,"CAY",2017,5,"TAN","XOAI",20,2015,1,NA,NA,NA,NA,NA,NA,NA,NA,NA,NA,NA,NA,NA,NA,NA,NA,NA,NA,NA,NA,NA,"AQ","DAT CAT PHA","DOC VUA","THIEU NUOC",65,40,40,15,105,55,50,"AQ",NA,NA,NA,NA,NA,NA,NA,NA,NA,NA,NA,NA,NA,NA,NA,NA,NA,NA,NA,NA,NA
1,2,3,"BUOI","AQCM",NA,"CAY",NA,NA,NA,NA,NA,NA,NA,NA,"CAM QUYT","AQCM",NA,NA,NA,NA,NA,NA,NA,NA,NA,NA,NA,NA,NA,NA,NA,NA,NA,NA,NA,NA,NA,NA,NA,NA,NA,NA,NA,NA,NA,NA,"AQ",NA,NA,NA,NA,NA,NA,NA,NA,NA,NA,"AQ",NA,NA,NA,NA,NA,NA,NA,NA,NA,NA,NA,NA,NA,NA,NA,NA,NA,NA,NA,NA,NA
2,5,0.3,"XOAI","AQ",300,"CAY",2007,1,"TAN",NA,NA,NA,NA,NA,"NGHE","RMTP",NA,NA,2018,NA,NA,NA,NA,NA,NA,NA,NA,NA,NA,NA,NA,NA,NA,NA,NA,NA,NA,NA,NA,NA,NA,NA,NA,NA,NA,NA,"AQ+RMTP","DAT XAM DEN","DOC CAO",NA,35,10,35,NA,45,35,10,"AQ+RMTP",0.5,"BUOI",NA,110,NA,"2016",NA,NA,NA,NA,NA,NA,NA,NA,NA,NA,NA,NA,NA,NA,NA
2,4,1.6,"XOAI","AQ",500,"CAY",1998,2,"TAN",NA,NA,NA,NA,NA,"MANG CAU","AQ",1000,"CAY",1998,1,"TAN",NA,NA,NA,NA,NA,NA,NA,NA,NA,NA,NA,NA,NA,NA,NA,NA,NA,NA,NA,NA,NA,NA,NA,NA,NA,"AQ",NA,NA,NA,60,NA,40,NA,60,40,20,"AQ",2,"CAM",NA,200,NA,"2011",NA,NA,50,2017,NA,NA,NA,NA,NA,NA,NA,NA,NA,NA,NA
1,3,3,"XOAI","AQ",14,"CAY",NA,NA,NA,"VU SUA",8,NA,NA,NA,"TAM VONG","NVL",NA,NA,NA,NA,NA,NA,NA,NA,NA,NA,NA,NA,NA,NA,NA,NA,NA,NA,NA,NA,NA,NA,NA,NA,NA,NA,NA,NA,NA,NA,"AQ+VL+DL",NA,NA,NA,40,NA,10,NA,40,10,30,"AQ+VL+DL",NA,NA,NA,NA,NA,NA,NA,NA,NA,NA,NA,NA,NA,NA,NA,NA,NA,NA,NA,NA,NA
1,2,1,"TAM VONG","NVL",NA,NA,2000,NA,NA,NA,NA,NA,NA,NA,NA,NA,NA,NA,NA,NA,NA,NA,NA,NA,NA,NA,NA,NA,NA,NA,NA,NA,NA,NA,NA,NA,NA,NA,NA,NA,NA,NA,NA,NA,NA,NA,NA,NA,NA,NA,70,NA,6,NA,70,6,64,"NVL+KHAC",NA,NA,NA,NA,NA,NA,NA,NA,NA,NA,NA,NA,NA,NA,NA,NA,NA,NA,NA,NA,NA
1,4,1,"XOAI","AQ",NA,NA,1974,2,"TAN","VU SUA",10,NA,NA,NA,"MIT","AQ",NA,NA,1974,NA,NA,NA,NA,NA,NA,NA,NA,NA,NA,NA,NA,NA,NA,NA,NA,NA,NA,NA,NA,NA,NA,NA,NA,NA,NA,NA,"AQ","DAT CAT PHA","DOC VUA","CO NUOC",5,NA,NA,NA,5,0,5,"AQ",NA,NA,NA,NA,NA,NA,NA,NA,NA,NA,NA,NA,NA,NA,NA,NA,NA,NA,NA,NA,NA
1,2,0.8,"TAM VONG","NVL",NA,NA,2015,NA,NA,NA,NA,NA,NA,NA,"NGAI BUN","DL",NA,NA,2006,NA,NA,NA,NA,NA,NA,NA,NA,NA,NA,NA,NA,NA,NA,NA,NA,NA,NA,NA,NA,NA,NA,NA,NA,NA,NA,NA,NA,NA,NA,NA,14,6,1.5,NA,20,1.5,18.5,"NVL+KHAC",NA,NA,NA,NA,NA,NA,NA,NA,NA,NA,NA,NA,NA,NA,NA,NA,NA,NA,NA,NA,NA
1,2,0.6,"TAM VONG","NVL",NA,NA,1975,NA,NA,NA,NA,NA,NA,NA,"XOAI","AQ",NA,NA,1975,NA,NA,NA,NA,NA,NA,NA,NA,NA,NA,NA,NA,NA,NA,NA,NA,NA,NA,NA,NA,NA,NA,NA,NA,NA,NA,NA,"AQ+VL+DL","DAT LAN DA","DOC VUA","THIEU NUOC",8,3,1.5,NA,11,1.5,9.5,"AQ+VL+DL",NA,NA,NA,NA,NA,NA,NA,NA,NA,NA,NA,NA,NA,NA,NA,NA,NA,NA,NA,NA,NA
2,6,4,"XOAI","AQ",200,"CAY",1997,4,"TAN",NA,NA,NA,NA,NA,"CAM QUYT","AQCM",100,"CAY",2015,NA,NA,"CAM, QUYT",100,2015,NA,NA,"BUOI",100,2015,NA,NA,NA,NA,NA,NA,NA,NA,NA,NA,NA,NA,NA,NA,NA,NA,NA,"AQ",NA,NA,NA,30,NA,11,NA,30,11,19,"AQ",1,"RAU",NA,NA,NA,NA,NA,NA,NA,NA,NA,NA,NA,NA,NA,NA,NA,NA,NA,NA,NA
1,2,1,"MANG CAU","AQ",NA,NA,NA,NA,NA,NA,NA,NA,NA,NA,"XOAI","AQ",NA,NA,NA,NA,NA,NA,NA,NA,NA,NA,NA,NA,NA,NA,NA,NA,NA,NA,NA,NA,NA,NA,NA,NA,NA,NA,NA,NA,NA,NA,"AQ",NA,NA,NA,20,NA,2,NA,20,2,18,"AQ",NA,NA,NA,NA,NA,NA,NA,NA,NA,NA,NA,NA,NA,NA,NA,NA,NA,NA,NA,NA,NA
1,2,1,"BO","AQ",200,"CAY",2000,4,"TAN",NA,NA,NA,NA,NA,"GIO BAU","LN",NA,NA,2000,NA,NA,NA,NA,NA,NA,NA,NA,NA,NA,NA,NA,NA,NA,NA,NA,NA,NA,NA,NA,NA,NA,NA,NA,NA,NA,NA,"LN+AQ","DAT LAN DA","DOC CAO","THIEU NUOC",60,NA,10,NA,60,10,50,"LN+AQ",NA,NA,NA,NA,NA,NA,NA,NA,NA,NA,NA,NA,NA,NA,NA,NA,NA,NA,NA,NA,NA
2,8,1.5,"XOAI","AQ",60,"CAY",1990,3,"TAN","XOAI CAT",80,NA,2010,"1","MIT","AQ",NA,NA,2010,NA,NA,"MANG CAU",NA,NA,NA,NA,"NGHE",NA,NA,NA,NA,NA,NA,NA,NA,NA,NA,NA,NA,NA,NA,NA,NA,NA,NA,NA,"AQ","DAT XAM DEN",NA,NA,NA,NA,NA,NA,NA,NA,NA,"AQ",0.6,"XOAI",NA,120,NA,NA,NA,NA,NA,NA,NA,NA,NA,NA,NA,NA,NA,NA,NA,NA,NA
1,5,1.5,"XOAI","AQ",500,"CAY",1990,5,"TAN",NA,NA,NA,NA,NA,"MANG CAU","AQ",NA,NA,2016,NA,NA,"DU DU",NA,NA,NA,NA,"MIT",NA,NA,NA,NA,NA,NA,NA,NA,NA,NA,NA,NA,NA,NA,NA,NA,NA,NA,NA,"AQ","DAT CAT PHA","DOC IT","CO NUOC",60,15,50,5,75,55,20,"AQ",NA,NA,NA,NA,NA,NA,NA,NA,NA,NA,NA,NA,NA,NA,NA,NA,NA,NA,NA,NA,NA
2,4,0.4,"MANG CAU","AQ",NA,NA,NA,NA,NA,NA,NA,NA,NA,NA,NA,NA,NA,NA,NA,NA,NA,NA,NA,NA,NA,NA,NA,NA,NA,NA,NA,NA,NA,NA,NA,NA,NA,NA,NA,NA,NA,NA,NA,NA,NA,NA,"AQ","DAT CAT PHA","DOC IT",NA,NA,NA,NA,NA,NA,NA,NA,"AQ",0.3,"SAO",NA,20,NA,"1999",NA,NA,NA,NA,NA,NA,NA,NA,NA,NA,NA,NA,NA,NA,NA
1,3,3,"XOAI","AQ",1000,"CAY",2004,20,"TAN","CHUOI",200,NA,2004,"4",NA,NA,NA,NA,NA,NA,NA,NA,NA,NA,NA,NA,NA,NA,NA,NA,NA,NA,NA,NA,NA,NA,NA,NA,NA,NA,NA,NA,NA,NA,NA,NA,"AQ",NA,NA,NA,205,NA,110,NA,205,110,95,"AQ",NA,NA,NA,NA,NA,NA,NA,NA,NA,NA,NA,NA,NA,NA,NA,NA,NA,NA,NA,NA,NA
2,2,0.8,"SUA","LN",20,"CAY",2009,NA,NA,"DO BAU",2000,NA,2009,NA,"XOAI","AQ",30,"CAY",1999,NA,NA,NA,NA,NA,NA,NA,NA,NA,NA,NA,NA,NA,NA,NA,NA,NA,NA,NA,NA,NA,NA,NA,NA,NA,NA,NA,"LN+AQ","DAT LAN DA","DOC VUA","THIEU NUOC",20,NA,2,NA,20,2,18,"LN+AQ",1.2,"TRAM",NA,NA,NA,"2000",NA,NA,NA,NA,NA,NA,NA,NA,NA,NA,NA,NA,NA,NA,NA
2,5,0.7,"SAO DEN","LN",NA,NA,1999,NA,NA,"XOAI",NA,NA,1999,NA,NA,NA,NA,NA,NA,NA,NA,NA,NA,NA,NA,NA,NA,NA,NA,NA,NA,NA,NA,NA,NA,NA,NA,NA,NA,NA,NA,NA,NA,NA,NA,NA,NA,NA,NA,NA,NA,NA,NA,NA,NA,NA,NA,"LN",0.2,"DUA LEO",NA,NA,NA,NA,NA,NA,NA,NA,NA,NA,NA,NA,NA,NA,NA,NA,NA,NA,NA
2,4,1,"SAPOCHE","AQ",200,"CAY",1994,15,"TAN","SAU RIENG",100,NA,2018,NA,NA,NA,NA,NA,NA,NA,NA,NA,NA,NA,NA,NA,NA,NA,NA,NA,NA,NA,NA,NA,NA,NA,NA,NA,NA,NA,NA,NA,NA,NA,NA,NA,"AQ",NA,NA,"CO NUOC",275,NA,85,NA,275,85,190,"AQ",2,"XOAI",NA,30,NA,"1994",NA,NA,NA,NA,NA,NA,NA,NA,NA,NA,NA,NA,NA,NA,NA
1,1,0.7,"XOAI","AQ",200,"CAY",2009,0.3,"TAN",NA,NA,NA,NA,NA,NA,NA,NA,NA,NA,NA,NA,NA,NA,NA,NA,NA,NA,NA,NA,NA,NA,NA,NA,NA,NA,NA,NA,NA,NA,NA,NA,NA,NA,NA,NA,NA,"AQ",NA,NA,NA,11,NA,10,NA,11,10,1,"AQ",NA,NA,NA,NA,NA,NA,NA,NA,NA,NA,NA,NA,NA,NA,NA,NA,NA,NA,NA,NA,NA
2,4,3,"XOAI","AQ",2000,"CAY",2010,NA,NA,"SAO",200,NA,2000,NA,NA,NA,NA,NA,NA,NA,NA,NA,NA,NA,NA,NA,NA,NA,NA,NA,NA,NA,NA,NA,NA,NA,NA,NA,NA,NA,NA,NA,NA,NA,NA,NA,"AQ",NA,NA,NA,100,NA,50,NA,100,50,50,"AQ",1,"XOAI DAI LOAN",NA,500,NA,"2015",NA,NA,NA,NA,NA,NA,NA,NA,NA,NA,NA,NA,NA,NA,NA
1,4,1.5,"XOAI","AQ",500,"CAY",2009,20,"TAN",NA,NA,NA,NA,NA,"NGHE","RMTP",0.5,"HA",2013,NA,NA,"DU DU",200,2009,NA,NA,"CHUOI",100,2009,NA,NA,NA,NA,NA,NA,NA,NA,NA,NA,NA,NA,NA,NA,NA,NA,NA,"AQ+RMTP","DAT LAN DA","DOC VUA","CO NUOC",NA,NA,NA,NA,NA,NA,NA,"AQ+RMTP",NA,NA,NA,NA,NA,NA,NA,NA,NA,NA,NA,NA,NA,NA,NA,NA,NA,NA,NA,NA,NA
2,5,0.4,"BUOI","AQCM",120,"CAY",2015,NA,NA,"QUYT",200,NA,2015,NA,"CHUOI","RMTP",60,"BUI",NA,NA,NA,NA,NA,NA,NA,NA,NA,NA,NA,NA,NA,NA,NA,NA,NA,NA,NA,NA,NA,NA,NA,NA,NA,NA,NA,NA,"AQ+RMTP","DAT LAN DA","DOC VUA","CO NUOC",60,45,45,15,105,60,45,"AQ+RMTP",0.1,"TAM VONG",NA,200,NA,NA,NA,NA,NA,NA,NA,NA,NA,NA,NA,NA,NA,NA,NA,NA,NA
2,1,3,"TAM VONG","NVL",500,"BUI",1980,NA,NA,NA,NA,NA,NA,NA,NA,NA,NA,NA,NA,NA,NA,NA,NA,NA,NA,NA,NA,NA,NA,NA,NA,NA,NA,NA,NA,NA,NA,NA,NA,NA,NA,NA,NA,NA,NA,NA,NA,"DAT LAN DA","DOC VUA","THIEU NUOC",40,NA,20,NA,40,20,20,"NVL+KHAC",1,"TAM VONG",NA,500,NA,"1978",NA,NA,NA,NA,NA,NA,NA,NA,NA,NA,NA,NA,NA,NA,NA
1,3,1,"TAM VONG","NVL",20,"BUI",2010,NA,NA,"SAO",100,NA,2015,NA,NA,NA,NA,NA,NA,NA,NA,NA,NA,NA,NA,NA,NA,NA,NA,NA,NA,NA,NA,NA,NA,NA,NA,NA,NA,NA,NA,NA,NA,NA,NA,NA,NA,NA,NA,NA,20,NA,15,NA,20,15,5,"NVL+KHAC",NA,NA,NA,NA,NA,NA,NA,NA,NA,NA,NA,NA,NA,NA,NA,NA,NA,NA,NA,NA,NA
1,6,1.6,"KEO LA TRAM","LN",NA,NA,1997,NA,NA,"MIT",NA,NA,NA,NA,"CHANH","AQCM",NA,NA,NA,NA,NA,"SAO DEN",NA,NA,NA,NA,"GIO BAU",NA,NA,NA,NA,NA,NA,NA,NA,NA,NA,NA,NA,NA,NA,NA,NA,NA,NA,NA,"LN+AQ",NA,NA,"CO NUOC",NA,NA,NA,NA,NA,NA,NA,"LN+AQ",NA,NA,NA,NA,NA,NA,NA,NA,NA,NA,NA,NA,NA,NA,NA,NA,NA,NA,NA,NA,NA
1,2,0.25,"NGHE","RMTP",NA,NA,2005,NA,NA,"RIENG",NA,NA,2005,NA,NA,NA,NA,NA,NA,NA,NA,NA,NA,NA,NA,NA,NA,NA,NA,NA,NA,NA,NA,NA,NA,NA,NA,NA,NA,NA,NA,NA,NA,NA,NA,NA,"AQ+RMTP",NA,NA,NA,10,NA,2,NA,10,2,8,"AQ+RMTP",NA,NA,NA,NA,NA,NA,NA,NA,NA,NA,NA,NA,NA,NA,NA,NA,NA,NA,NA,NA,NA
1,2,0.25,"KEO LA TRAM","LN",NA,NA,1997,NA,NA,"TAM VONG",NA,NA,1980,NA,NA,NA,NA,NA,NA,NA,NA,NA,NA,NA,NA,NA,NA,NA,NA,NA,NA,NA,NA,NA,NA,NA,NA,NA,NA,NA,NA,NA,NA,NA,NA,NA,NA,NA,"DOC CAO","THIEU NUOC",NA,NA,NA,NA,NA,NA,NA,"LN",NA,NA,NA,NA,NA,NA,NA,NA,NA,NA,NA,NA,NA,NA,NA,NA,NA,NA,NA,NA,NA
1,7,1.5,"TAM VONG","NVL",100,"BUI",NA,NA,NA,"DO BAU",700,NA,2001,NA,"XOAI","AQ",200,"CAY",2017,NA,NA,"NGHE",NA,NA,NA,NA,"NGAI BUN",NA,NA,NA,NA,NA,NA,NA,NA,NA,NA,NA,NA,NA,NA,NA,NA,NA,NA,NA,"AQ+VL+DL",NA,NA,NA,30,NA,3,NA,30,3,27,"AQ+VL+DL",NA,NA,NA,NA,NA,NA,NA,NA,NA,NA,NA,NA,NA,NA,NA,NA,NA,NA,NA,NA,NA
1,9,2.18,"BUOI","AQCM",50,"CAY",2018,NA,NA,"BO",50,NA,2018,NA,"SAO DEN","LN",50,"CAY",2008,NA,NA,"KEO LA TRAM",50,2008,NA,NA,"TAM VONG",10,2009,NA,NA,NA,NA,NA,NA,NA,NA,NA,NA,NA,NA,NA,NA,NA,NA,NA,"LN+AQ","DAT LAN DA",NA,NA,10,NA,20,NA,10,20,-10,"LN+AQ",NA,NA,NA,NA,NA,NA,NA,NA,NA,NA,NA,NA,NA,NA,NA,NA,NA,NA,NA,NA,NA
1,7,2.35,"DIEU","AQ",40,"CAY",1997,NA,NA,"VU SUA",14,NA,1980,NA,"BO","AQ",20,"CAY",2019,NA,NA,"MIT",10,2019,NA,NA,"CAM, QUYT",20,2016,NA,NA,NA,NA,NA,NA,NA,NA,NA,NA,NA,NA,NA,NA,NA,NA,NA,"AQ",NA,NA,NA,33,NA,3,NA,33,3,30,"AQ",NA,NA,NA,NA,NA,NA,NA,NA,NA,NA,NA,NA,NA,NA,NA,NA,NA,NA,NA,NA,NA
1,8,2.1,"BO","AQ",60,"CAY",1999,NA,NA,"VU SUA",30,NA,200,NA,"BUOI","AQCM",10,"CAY",2915,NA,NA,"SAU RIENG",NA,2015,NA,NA,"DAU RONG",NA,NA,NA,NA,NA,NA,NA,NA,NA,NA,NA,NA,NA,NA,NA,NA,NA,NA,NA,"AQ",NA,NA,NA,45,NA,NA,NA,45,5,40,"AQ",NA,NA,NA,NA,NA,NA,NA,NA,NA,NA,NA,NA,NA,NA,NA,NA,NA,NA,NA,NA,NA
1,2,1,"XOAI","AQ",120,"CAY",2018,NA,NA,"KHOAI TU",NA,NA,2017,"700",NA,NA,NA,NA,NA,NA,NA,NA,NA,NA,NA,NA,NA,NA,NA,NA,NA,NA,NA,NA,NA,NA,NA,NA,NA,NA,NA,NA,NA,NA,NA,NA,"AQ",NA,NA,NA,5,5,NA,NA,10,0,10,"AQ",NA,NA,NA,NA,NA,NA,NA,NA,NA,NA,NA,NA,NA,NA,NA,NA,NA,NA,NA,NA,NA
2,4,0.6,"XOAI","AQ",79,"CAY",2017,NA,NA,"XOAI THANH CA",8,NA,1980,"1000","CHUOI","RMTP",30,"BUI",1980,NA,NA,NA,NA,NA,NA,NA,NA,NA,NA,NA,NA,NA,NA,NA,NA,NA,NA,NA,NA,NA,NA,NA,NA,NA,NA,NA,"AQ+RMTP",NA,NA,NA,8,2,1,NA,10,1,9,"AQ+RMTP",0.15,"XOAI DAI LOAN",NA,100,NA,"2012",NA,NA,NA,NA,NA,NA,NA,NA,NA,NA,NA,NA,NA,NA,NA
2,4,1,"XOAI","AQ",50,"CAY",1980,NA,NA,"MIT TA",30,NA,1980,NA,NA,NA,NA,NA,NA,NA,NA,NA,NA,NA,NA,NA,NA,NA,NA,NA,NA,NA,NA,NA,NA,NA,NA,NA,NA,NA,NA,NA,NA,NA,NA,NA,"AQ","DAT LAN DA","DOC VUA","THIEU NUOC",60,25,20,12,85,32,53,"AQ",0.8,"XOAI KEO",NA,150,NA,"2013",NA,NA,NA,NA,NA,NA,NA,NA,NA,NA,NA,NA,NA,NA,NA
1,2,1,"XOAI","AQ",300,"CAY",2017,NA,NA,"XOAI THANH CA",10,NA,1980,"800",NA,NA,NA,NA,NA,NA,NA,NA,NA,NA,NA,NA,NA,NA,NA,NA,NA,NA,NA,NA,NA,NA,NA,NA,NA,NA,NA,NA,NA,NA,NA,NA,"AQ","DAT LAN DA","DOC VUA",NA,10,NA,1,NA,10,1,9,"AQ",NA,NA,NA,NA,NA,NA,NA,NA,NA,NA,NA,NA,NA,NA,NA,NA,NA,NA,NA,NA,NA
2,6,0.54,"XOAI","AQ",400,"CAY",2016,NA,NA,"QUYT DUONG",220,NA,2016,NA,NA,NA,NA,NA,NA,NA,NA,NA,NA,NA,NA,NA,NA,NA,NA,NA,NA,NA,NA,NA,NA,NA,NA,NA,NA,NA,NA,NA,NA,NA,NA,NA,"AQ","DAT XAM DEN","DOC IT","CO NUOC",60,NA,18,NA,60,18,42,"AQ",0.16,"XOAI KEO",NA,100,NA,"2016",NA,NA,NA,NA,NA,NA,NA,NA,NA,NA,NA,NA,NA,NA,NA
1,3,0.6,"TAM VONG","NVL",25,"BUI",2002,NA,NA,"XOAI CAT",25,NA,2002,NA,NA,NA,NA,NA,NA,NA,NA,NA,NA,NA,NA,NA,NA,NA,NA,NA,NA,NA,NA,NA,NA,NA,NA,NA,NA,NA,NA,NA,NA,NA,NA,NA,NA,NA,NA,NA,20,NA,1,NA,20,4,16,"NVL+KHAC",NA,NA,NA,NA,NA,NA,NA,NA,NA,NA,NA,NA,NA,NA,NA,NA,NA,NA,NA,NA,NA
1,2,0.5,"XOAI","AQ",150,"CAY",2009,NA,NA,"SAO",50,NA,2010,NA,NA,NA,NA,NA,NA,NA,NA,NA,NA,NA,NA,NA,NA,NA,NA,NA,NA,NA,NA,NA,NA,NA,NA,NA,NA,NA,NA,NA,NA,NA,NA,NA,"AQ","DAT LAN DA","DOC VUA","CO NUOC",40,NA,14,NA,40,14,26,"AQ",NA,NA,NA,NA,NA,NA,NA,NA,NA,NA,NA,NA,NA,NA,NA,NA,NA,NA,NA,NA,NA
